/*
Navicat MySQL Data Transfer

Source Server         : localhost_3306
Source Server Version : 50506
Source Host           : localhost:3306
Source Database       : go2school(3)

Target Server Type    : MYSQL
Target Server Version : 50506
File Encoding         : 65001

Date: 2019-06-12 11:01:11
*/

SET FOREIGN_KEY_CHECKS=0;

-- ----------------------------
-- Table structure for `answer`
-- ----------------------------
DROP TABLE IF EXISTS `answer`;
CREATE TABLE `answer` (
  `answer_id` int(10) unsigned NOT NULL AUTO_INCREMENT,
  `answer_content` varchar(2000) CHARACTER SET utf8 NOT NULL,
  `answer_time` datetime NOT NULL,
  `question_id` int(10) unsigned NOT NULL,
  `user_id` int(10) unsigned NOT NULL,
  PRIMARY KEY (`answer_id`),
  KEY `question_answer` (`question_id`),
  KEY `answer_user` (`user_id`),
  CONSTRAINT `answers_questions` FOREIGN KEY (`question_id`) REFERENCES `question` (`question_id`) ON DELETE CASCADE ON UPDATE CASCADE,
  CONSTRAINT `queation_users` FOREIGN KEY (`user_id`) REFERENCES `user` (`user_id`) ON DELETE NO ACTION ON UPDATE NO ACTION
) ENGINE=InnoDB AUTO_INCREMENT=21 DEFAULT CHARSET=utf8 COLLATE=utf8_bin;

-- ----------------------------
-- Records of answer
-- ----------------------------
INSERT INTO `answer` VALUES ('1', '1.有兴趣选兴趣，没有兴趣一定要选个大城市去读书！！！2.什么都不想学就选理工科，推荐工科！！！3.看你的成绩猜你八成不是学霸，大学千万千万别天天打游戏！！！4.看课外书，就豆瓣评分超过8的随便看就行，一定要多看！5.多参加社团，一个好的社团对你性格会有很大帮助6.不要和很low的一群人混在一起（无贬义，客观存在），多接触些牛人，你会有一种被碾压的痛苦，不过相信我，毕业后你会突然发现自己能碾压别人了7.学英语啊学英语，背单词啊背单词……最好大三把托福考到95以上，那时你会发现自己对以后做什么打算都游刃有余8.锻炼身体，选择一项喜欢的运动（篮球、足球、网球推荐）把技术练到业余比赛可以做主力，一个标准的小身板很招人喜欢的，而且你的精神面貌会有质的飞跃（ps万一以后弯了的话也很吃香的）9.找妹子这种事情，大三找吧，大一大二看书学习背单词锻炼身体打打游戏10.多看看新闻以及评论，形成自己的一套思考体系，这个东西有点玄答主自己撞了多少墙才明白了这些道理，坦白讲很多现在告诉你你也是不明觉厉，但是请按照这个去做吧，等你明白了就会感谢我了。我是个好人…………………………………………………好像很多人都在质疑为什么是工科，答主简单说一下吧。答主一开始也很忧桑进了屌丝工科，看人家经管外院各种高大上极其羡慕嫉妒恨，不过后来慢慢的就感觉到，工科对人的思维锻炼是最全面和高效的。怎么说呢，工科比较接地气，你看有很多人从工转文转理转销售服务金融等等，有几个人能从别的转到工科来的？接地气所以以后能往高处走且越走越好。再者说你看国家领导人什么的，好多都是学工的，最近在找实习发现很多大公司的管培都是明文写着理工科优先，可以说工科的思维比较实用，而工科人也比较屌丝，屌丝才最实用。我能穿工训服下车间，也能穿西装和别人谈笑风声，我能靠自己的学识素养看出别人在装逼，工科不爱装逼爱打脸。所以，工科能把小清新、绿茶、艺术男、中二病、愤青啥的通通给你治好……', '2019-01-27 15:43:14', '1', '1');
INSERT INTO `answer` VALUES ('2', '什么是优势专业？大意就是指学科实力强，学科评估成绩好，甚至是国家重点学科的，比如。武汉理工大学的材料科学与工程江南大学的食品科学与工程华东理工大学的化学工程与技术中国矿业大学的安全科学与工程……上面都是学科排名第一的学科，典型的优势专业从学科实力的角度说这也是好专业，但是不是大众认知的那种好专业。什么是“好”专业？首先这个好指的是大众认知，带有功利性的，就业导向的，所以加个引号，比如就业质量好，有钱途，录取线也往往是前几名的，比如信息类、经管类、医学类，具体的比如计算机类、软件工程、信息与通信工程、电子信息工程、金融类、财务审计类、财税类、电气工程、临床、口腔等，数学类、统计学、自动化、师范类、法学等。当然这是见仁见智的，不过总起来看吐槽偏少的。与之相对应的就是“差”专业，比如大家熟知的生物类、药学类、土木类、材料类、化工类、化学类、环境类、地质类、矿业类、油气类、冶金类、船舶类、农林类、海洋类、地球物理类……当然这也是见仁见智的，不过总起来看吐槽偏多的。真正的好专业是什么？那就是优势专业+热门专业，比如。北京航空航天大学计算机、软件工程中国人民大学法学、金融学、会计学、统计学南京审计大学审计学电子科技大学信息与通信工程西安交通大学电气工程同济大学车辆工程北京师范大学数学师范类武汉大学法学四川大学口腔医学8年本博……专业实力都是全国数一数二的，同时又很热门，有里有面，当然分数会高上天。最起码优势专业本身也不错。但是有一点要明白，五六百个专业，带有明显好坏属性的专业是少数，大部分是无法判定的，或者说属性不强的。', '2019-01-27 18:23:23', '1', '2');
INSERT INTO `answer` VALUES ('3', '因为我是江西文科生  文科不好估分  而且专业本来就少，应该很好报志愿的吧就几个专业挑一挑 。我们学校是二十三号去领志愿填报书，报考具体情况还是要出分后，但是，先了解总没错，以下是我自己总结哦，希望对你有帮助①了解志愿填报、录取批次等等基本概念，总要懂流程吧（这个学校有发相关书籍的应该）这里特别说说提前批本科，慎重考虑哦我个人觉得千万不要把它看做不填白不填，看专业!看专业!看专业!如果选择军事类院校OK没的说注意体检要求男女比例要求，最好先自检，但是待遇和义务往往是相对的。非军事类，认真说，我考虑了一下，看到具体招生内容再说吧，真有喜欢的，报!然后不服从调剂，反正不影响一批录取。港澳高校是我读不起的，老实说，没关注……②了解自己：有没有理想院校、理想专业、兴趣偏好、自己擅长哪方面一方面了解专业实质内涵，学科、课程、就业等，另一方面就是自己的兴趣。比如我自己，没啥规划的懒虫没错了，进行升学e网通的升学专业测评发现我专业兴趣是新闻传播类、外语类、教育心理、法学、社会学前五，结合实际情况我大概知道自己专业选择就是新闻、外语、法学。（我觉得还比较准，我是数学历史渣渣）大不了以后当考碗族？另外关于专业和大学之间的取舍是个很重要的问题，冲不冲好学校得自己斟酌，最好把入校转专业这件事儿排除在外考虑（其实有很多分数很实惠的大学，但是地理位置呃，还有一些知名度不高但是实力雄厚啊分数线也很亲切，这个要自己提前了解哦）刚好在分数线上的更要关注。公办大多比民办好，理工科类院校理科专业强，虽说有可能文科专业实力不差但是环境氛围也会有影响。厉害的理工科类院校的文科专业大概就和重点高中里的普通班一样吧……③仔细阅读高校招生章程报志愿。比如录取规则，什么单科成绩要求啊，千万别忽视受限条件，否则就是无效志愿有的专业优先，有的分数优先，还有的分数级差、专业级差、分数优先遵循专业志愿关注自己排名分报志愿，看往年高校招生人数对比，能有效降低落选风险④填报志愿记住：先后有序，博弈在前，稳妥为中，保底在后，专业梯度。（报考书上摘录）并且一定要服从调剂，不然就面临退档（搞不好要高四……\r\n⑤细心点，别填错院校批次、代码（别误用往年资料）还有科类先草拟书面再网上填报，尽量都不要拖到最后一刻钟集中填报，可能出现网络不畅。提交成功后打印志愿表保留好纸质信息。⑥谨防招生陷阱、骗局。（这真不是来搞笑的）小心啥扩招指标、特批指标、计划外招生就对了。第一次打那么长的回答希望对你有帮助哦', '2018-07-02 15:49:00', '2', '2');
INSERT INTO `answer` VALUES ('4', '我一个学霸同学，当年报完志愿说过一句话，他说如果将来他做老师，一定要把每个专业是干啥的尽力给学生讲清楚。这是2002年事了，没想到到现在十几年过去了，现在的学生依然为报志愿一筹莫展。我们当年报志愿，差不多都是一知半解，很大的几率都是靠直觉。不过现在幸运的是，互联网非常发达，报志愿前最好先咨询下身边的先知或者度娘。无论哪个专业，一旦进入之后就会发现，完全不是想象的那样，每个专业都有高深的地方，而高深的地方，大多是枯燥和乏味的。因此报专业前多了解一些总是没错的。', '2019-06-01 15:51:17', '3', '3');
INSERT INTO `answer` VALUES ('5', '怎么说呢，不是你学什么就会从事什么寒假实习在法院的时候，厅里的书记员是化学系毕业的，隔壁民庭的书记员是学测控的，学什么不一定从什么专业，我大师范还有法学呢，还是从思政分出来的，老师上课的时候说，我们去学个教师资格证也能到高中初中教政治，思品，可是我们当时真的只是为了之后找个工作而苟延残喘的活着，还是什么，但是我们报志愿真的只是为了凑齐那么六个吗，那就应该摸着自己的头跟自己说声对不起了，毕竟之后的路上的坎坷和不易都是自己自找的。', '2019-01-16 23:50:23', '4', '3');
INSERT INTO `answer` VALUES ('6', '从事相关咨询这么多年，见惯了太多的误解和遗憾。最基本的心得就是志愿填报没有放之四海而皆准的道理，同一个道理，同一套方案，甲之良药乙之砒霜，因为需求不同。无论是学校还是专业，必需和家庭情况、个人规划、兴趣爱好等结合起来。这种个体的天然差异，导致必须具体情况具体分析，任何结论都应该建立在充分的前提条件上，不然就是瞎扯淡。除了一些常识，大量细致的准备工作少不了，还要有一个良好的心态，因为很多情况不是好坏之选而是看合适与否。最后还得靠一点点运气。相对来说，家境不太好没有关系慎重选择文史哲，部分管理类、金融类、医学类等专业。很多人没有意识到志愿填报是一门课程，需要花很大精力去掌握的，可惜很多考生十年寒窗都苦过来了，偏偏没有意识在志愿填报上花费时间。 我孩子XX分数，一本线上多少，可以读什么学校，这是一种最常见的思维误区。因为判断学校（层次）的参考依据是省排名不是分数，因为同一个分数在不同的年份对应的省排名不同，这是因为试卷难度招生人数等因素造成的。还有，每个人需求不同，有的在乎学校有的在乎专业，所以同一个省排名可以选的学校可能大相径庭，因为志愿填报有城市学校专业三要素，想要好城市好专业，学校层次必然大大下降，反之亦然。最重要的是现在说的这个分数和高考分数可能出入很大，分数一变，可考虑的学校就要大变，所以这个问题就失去意义了。志愿填报的难主要体现在志愿填报中没有放之四海皆准的道理，没有一个能够满足所有人愿望的志愿填报方案，判断一个方案的好与不好只有一个标准，那就是不是适合自己，一份成功的志愿填报方案一定是个性的、无法复制的，基于自身情况“量身定做”的；好与不好是相对的，是比较出来的，是看前提条件的，没有前提的判断是毫无意义的，抛开案例谈问题是纸上谈兵，基本上属于浪费时间。志愿填报的过程其实就是城市、专业、学校三要素博弈的过程，具体情况具体分析八个字，很重要。以上只是一些释疑解惑，具体的专业学校城市的取舍还有更多的细节，以及各种政策，也许几天几夜都讲不完。最后算是打个广告，您要是花一天时间把我公众号文章看一遍，可以基本掌握志愿填报方法和原则，但是一定要认真去看带着思考去看。实在不愿意麻烦就花钱找当地的一对一代填志愿服务机构，三五千差不多了', '2019-06-05 14:23:23', '5', '1');
INSERT INTO `answer` VALUES ('7', '想一想，你的一生中有一段时光：几乎不用承担任何社会责任；有大把的时间；身体处于顶峰；基本上不担心钱的问题；身边都是年轻的妹子；可以谈比较纯的恋爱；做错事社会也会给予很高的宽容度；不用考虑房子车子医疗教育；周围不以你的权力金钱做为主要的衡量标准；等等', '2018-07-27 13:23:12', '6', '1');
INSERT INTO `answer` VALUES ('8', '孤单对应合群，但是合群的反面不是孤单，还可以是有一两个志同道合的朋友。不要指望一位朋友全方位地和你同步，和你投合，否则你只会孤单（爱情也是）。而应该在不同的活动中尝试着和不同的人一起，醒时同交欢，醉后各分散。（这句诗出自李白，关于醒醉二字的位置颇有不同见解，我理解为互文修辞）', '2019-06-03 12:42:32', '7', '3');
INSERT INTO `answer` VALUES ('9', '二流大学，会给你一种“我随便学学，就能比身边大多数人强”的感觉，于是你大学四年就随便学学过去了。最后毕业的时候可能还是比身边的大多数人强。一流大学，会给你一种“身边大多数人随便学学，就能比我强”的感觉，于是你大学四年拼了老命追赶身边人的步伐。最后毕业的时候身边的大多数人可能还是比你强。然而毕业的时候，这两个人已经不在一个层次上了。大多数人，都是在追赶别人的时候，才能发挥出自己极限的的潜能。什么时候环境使你自我满足了，使你停止追赶了，使你安于现状了，那么你也就到此为止了。而一流大学，提供的最重要的资源，就是给大多数人拼尽全力追赶的背影。', '2019-02-07 23:32:21', '8', '1');
INSERT INTO `answer` VALUES ('10', '高中老师曾说，到大学就没人管你们了，到时想怎么玩都行。上大学后才发现，老师只说了一半，还有另一半真相是，即使在大学如此宽松的环境下，依然有一批人在拼命努力着，四年后庸庸碌碌的你还是当初入学的样子，而他们却都成为了你曾经想成为的那类人；学长学姐曾说，在大学一定要努力谈份恋爱，毕竟出了校门爱情就再不简单纯真了。上大学后才发现，出了社会看钱，在学校里看脸，对于我们这种颜值不高、家底不行的人来说，校园恋爱其实也并不那么简单、那么纯真；各类校园青春电影曾说，在大学你们能找到自己的奋斗目标，找到一群志同道合的伙伴，找到属于自己的青春年华。上大学后才发现，大多数人的大学时光都是平庸而堕落的，打游戏打牌是他们维系人际关系的主要手段。在这里，要么庸俗，要么孤独。你想堕落时没人会管你，你想努力时却会有一群人在背后对你冷嘲热讽；盲目合群只会让自己浪费心力的同时又认识不到想认识的那种人 ，等到毕业后才发现大学中认识的大多数人此生再无交集。上大学后才发现，大道理其实都懂，但自己就是懒，就是做不到是何等无奈；毕业后才发现，我们人生中最不该浪费，最该努力提升自己的那段时间，都被我们拿来浪费了。', '2018-12-08 16:17:18', '9', '3');
INSERT INTO `answer` VALUES ('12', '好吧我把这个题答成了“上一个烂大学对一个人的未来有什么危害”说一下亲身经历。家里都是大夫，一个比一个优秀，有中医有西医有内科有外科，都走在各自领域前沿，说名字的话同行可能还听说过。我自己从小就想学医，理想很坚定，从未改变过。高考，因为年少无知废了最重要的一年，考了班里倒数第八，不想复读，于是上了本地的一所二本中医药院校。        大一大二其实没觉得有啥，大家都在玩。但是之后发生了一些事，触动特别大。        1.大三有一段时间在病理学习方面颇有心得，有一些相关想法想发一篇SCI，很长一段时间都在酝酿。有一个同学，学习挺好，平时关系也特别好，有一天来我宿舍看我写的东西问我在干嘛，我给他讲了我的想法，他没听完就给我很严肃地撂了一句话：“@#￥%……&*（。”       2.高中一个宿舍的同学，上了四医大，那天发了个状态，“再烧下去就要打地米了”，没人明白啥意思。然后那个同学给我回复，“慎用糖皮质激素”。        那会我们大二，浑浑噩噩，我说地米是因为从小在医院长大，但据我所知那个同学是白丁，没有任何相关背景。地米这个词什么概念？在我们这样的二本院校，别说大二了，就算是大四，只要没实习，抓十个人问，八个都不知道地米是什么东西。就算说全称，也有五个不知道地塞米松是哪类药，剩下三个里，有两个知道是激素，只有一个知道临床上使用的现状和形势。        十比一，就是水平的比率。        可能有人觉得这两个例子比较以偏概全，但是我拿他们说问题，是因为很有代表性。在这种二本学校，你想优秀，阻力是很大的。上面有人把你往下压，下面有人把你往下拉。        你的与众不同在别人眼里是傻逼，或许他们真的觉得你很厉害，但这种大环境里他们会出于某种见不得人的心态继续把你往下拉，告诉你别装逼，走吧今天还没拿首胜呢。       他们会在你觉得不该翘课的时候告诉你学习顶个屁，看看比尔盖茨看看马云。你考完一门交卷了以后看见地上全扔的是小抄，你一拍脑袋“妈蛋我怎么这么老实”。       或许某事某刻你的一些知识掌握的特别牢固，老师提问你迅速答出，全系人敬佩的看着你，你觉得卧槽，我这么厉害还学个球啊。你刚进校的第一天并未感觉这是大学这是学习的地方。你会忽然发现学生会社团什么的真是有意思，自己拔地而起就成了干事就成了部长甚至主席。可以像以前老师训斥你一样训斥别的同学。你满腔热血去搞“学生工作”，“积累社会经验”，把看书这学生本职工作远远的扔掉。       你早上每天起来背单词，看着舍友一个个鼾声如雷，你可以坚持一个月，接下来的两个月三个月，你就会觉得非常疲惫以至于无法继续坚持。这种疲惫源于宿舍的每一个空气分子，你根本没法控制那种对生活的不负责任和对未来消极的态度从每一天每一分每一秒，从校园的一草一木，每一个同学的他们的话题他们的生活轨迹他们的眼神，从老师倦怠的语调，全方位无死角地钻进你的每一个细胞，从最深处把你瓦解，你可以豪情万丈地走进学校，但这话种潜移默化的东西会杀了你，当本科五年毕业了以后你连自己死了都不知道。当然如果你是一个意志极其坚定的人，请你别跟我这种容易随波逐流的人比，我说的是最坏的情况。       有人说大学里学习并不代表一切，不学习的人一样可以混得很好。我认为这是典型的自我安慰，能量守恒定律适用于任何情况，没有付出绝对不可能有回报。一个烂大学毁掉的不仅是你的学习热情，而是你整个积极向上的品质。换句话说你的意志若是被消磨或者自己流失，你不学习，去当官去做生意，都一样不可能有戏。', '2018-08-01 14:49:23', '10', '2');
INSERT INTO `answer` VALUES ('13', '根据喜欢的学科选专业高考选专业的时候不仅要考虑喜欢哪个行业，还要根据自己的特长选择专业，只有这样才能学的轻松，而且成功的机率会更大。兴趣应该排在选择的第一位。考生在平时学习当中，要不断发现和总结自己的兴趣，挖掘自己的特长，这样在高考填志愿的时候会更加简单，学习哥首先为考生整理了针对高考九个科目的专业推荐，供参考。喜欢语文的同学，可以选择语言文学类专业，如中国语言文学类、外国语言文学类、新闻学类的专业。喜欢学习数学的同学，可以选择数学与应用数学、经济学、金融学、信息与计算科学等专业。喜欢外语的同学，可以选择语言文学类专业，如中国语言文学类、外国语言文学类、新闻学类的专业。喜欢学习政治的同学可以选择政治学、法学、马克思主义理论类专业。喜欢历史的同学，可以考虑报考史学理论及史学史，专门史，中国古代史，中国近现代史，世界史，历史文献学等专业等。喜欢地理的同学，可以考虑报考地理科学，城市规划，地理信息系统，地质勘探，测绘测量，遥感，资源环境等地理类，地质类，勘探类，测绘类，规划类，气象类等。喜欢学习物理，数学成绩也不错的同学可以选择机械类、电气信息类、土建类、航空航天类里面的专业。喜欢化学的同学，可以选择材料科学类、化学工程与工艺、食品科学等专业；喜欢生物的同学可以选择生物技术、生物工程、农学、医学之中的专业一本线边缘的考生，尽量上好的大学。如果在一本没有特别合适的学校，你要看一下二本学校，不要顾及这个是一本，那个是二本，一本二本是当地考试院划分的。二本里面有非常优秀的学校。例如，南京审计大学的审计专业是非常厉害的，原来是在二本招生现在已经是一本招生了。根据自己的性格选专业性格是指表现在人对现实的态度和相应的行为方式中的比较稳定的、具有核心意义的个性心理特征，是一种与社会相关最密切的人格特征，在性格中包含有许多社会道德含义，如：英勇、刚强、懦弱、粗暴等。心理学界最具代表性的性格类型理论之一的美国职业心理学家霍兰德将人的人格分为六种类型:实际型、研究型、艺术型、社会型、企业型与传统型。学习哥针对高中阶段的学生性格特点，为这六类性格的考生选大学、选专业等做出了推荐，希望对广大考生有所帮助。现 实 型人格特点：愿意使用工具从事操作性强的工作;动手能力强，做事手脚灵活，动作协调;不善言辞，不善交际。职业类型：各类工程技术工作、农业工作;通常需要一定体力，需要运用工具或操作机械。主要职业：工程师、技术员;机械操作、维修安装工人、木工、电工、鞋匠等;司机;测绘员、描图员;农民、牧民、渔民等。现实型(Realistic)的基本人格倾向是，喜欢有规则的具体劳动和需要基本操作技能的工作，缺乏社交能力，不适应社会性质的职业。具有这种类型人格的人其典型的职业包括技能性职业(如一般劳工、技工、修理工、农民等)和技术性职业(如制图员、机械装配工等)。推荐专业:工学类——采矿工程、石油工程、矿物加工工程、勘查技术与工程、资源勘查工程、地质工程、矿物资源工程、煤及煤层气工程、地下水科学与工程、冶金工程理学类——数学与应用数学、信息与计算科学、数理基础科学、物理学、应用物理学、声学、核物理、化学应用化学、化学生物学、分子科学与工程、生物科学推荐大学：(理工类)天津大学、中国计量学院、清华大学、东北大学、华南理工大学、同济大学、华中科技大学、大连理工大学、北京理工大学、北京航空航天大学研 究 型特点：抽象能力强，求知欲强，肯动脑筋，善思考，不愿动手;喜欢独立和富有创造性的工作;知识渊博，有学识才能，不善于领导他人。职业类型：主要指科学研究和科学实验工作。主要职业：自然科学和社会科学方面的研究人员、专家;化学、冶金、电子、无线电、电视、飞机等方面的工程师、技术人员;飞行驾驶员、计算机操作人员等。研究型(Investigative)性格具有聪明、理性、好奇、精确、批评等人格特征，喜欢智力的、抽象的、分析的、独立的定向任务这类研究性质的职业，但缺乏领导才能。其典型的职业包括科学研究人员、教师、工程师等。专业推荐：基础医学、卫生检验、营养学、种子科学与工程、水土保持与荒漠化防治、野生动物与自然保护区管理、动物药学、动物医学、森林资源保护与游憩、应用生物科学、信息工程、软件工程、网络工程、广播电视工程、光电信息工程、电力工程与管理、风景园林、水资源与海洋工程、水质科学与技术、环境监察推荐大学：（医学类）北京中医药大学 、首都医科大学、天津医科大学、中国药科大学、河北医科大学（理工类）天津大学、中国计量学院、清华大学、东北大学、华南理工大学、同济大学（工学类）北京工业大学、大连海事大学、哈尔滨工业大学、云南大学、长安大学社 会 型人格特点：喜欢从事为他人服务和教育他人的工作;喜欢参与解决人们共同关心的社会问题，渴望发挥自己的社会作用;比较看重社会义务和社会道德。职业类型：主要指各种', '2019-02-05 09:06:33', '1', '3');
INSERT INTO `answer` VALUES ('14', '法学是热门专业，连学费都比普通专业高百分之十。而且开课极其方便，买几本教材，招几个老师，就可以开课了。又不用理工类的实验室和器材、美术院校的组织写生、体育生的训练场地，最多需要在图书馆增加几本社会科学法律类的书籍。对老师的要求也不高，有的老师甚至不是我法律专业的，比如原来教思想政治教育的、马哲的等，反正都是汉字，你不明白文字背后的意思、你还不会照本宣科吗？反正不是政法类的专业学校，水平不足的话也不会有专业人士笑话，学生也不会那么认真听讲，临考前背诵就是了。至于教出来的学生，还曰：“法学教育就是这样，大学毕业只是半成品，司法考试过了才是成品。”轻轻松松将责任推到司法考试身上，枉为人师，不知廉耻，斯文败类。大学只招生不负责培养学生的法治精神，钻过去头不顾腚，法学专业的就业率连年倒数，高校负有不可推脱的责任。就是这个意思。', '2018-12-30 09:13:33', '4', '1');
INSERT INTO `answer` VALUES ('15', '1.第一点肯定是需要了解志愿填报的规则。什么时候开始填，什么时候截止，是否服从调剂（这项一般都是“是”，现在都是先模拟投档，等正式投档时，各省和各院校都已经调整的差不多了，但是一般各省的投档比例比各院校计划招生人数高一点，在录取分数线附近的学生会有三种情况：a.学生所填报专业被院校扩招录取；b.学生服从调剂，被学校调剂到其他专业；c.学生不服从调剂，被学校退档，重新填报补招志愿。这种情况已经在逐渐减少，但仍有一定概率发生。所以，不建议，在往年录取线附近的学生去冲刺名校。）2.第二点如何是选择专业和学校。我国本科分13个学科，600多具体专业。先大体了解所有专业，筛选出5个左右自己感兴趣有意向的专业详细了解。然后在根据自身情况选出3个专业，进行填报。a.强烈建议有明确专业方向的同学，以专业为主来选学校。如果担心专业未来就业情况，老话说得好“360行，行行出状元”。努力学习，就能得到应得薪资报酬。b.不确定自己的专业方向的同学，建议先进行自我分析。兴趣，擅长，性格，职业向往等方面分析。大学阶段是一个自主学习的教育阶段，所以学习动力是非常重要的。最好是自己感兴趣的，喜欢的，擅长的专业方向，并通过自己刻苦努力，就能学有所成。c.依然不确定自己未来职业方向，发展方向的同学，可以优先以学校为主来选择专业。选择综合类大学，在校期间可以多去了解一些不同专业的同学，在大二时，需要确定自己的一个发展方向，然后努力学习，自考该专业相关证书，同时也要保证自己所上专业不挂科，顺利拿到毕业证。3.在大学除了谈恋爱，旅游，社会实践外，也不能荒废学业哦，浪费几年时间，毕业后，就很尴尬的……最后，祝福你能选择一个自己喜欢并愿意终身从事的专业，职业。并满意的大学。', '2019-06-05 09:52:49', '11', '2');
INSERT INTO `answer` VALUES ('16', '上大学这四年是人生中很重要的一段经历，远比一个学历证书要多得多。我父亲毕业已经快30年了，每当回忆起30年前他第一次去母校报到时，沈阳那场漫天纷飞的大雪，眼神总是兴奋得像个孩子。你选择一个大学，也就是选择一个城市。四年里，你会走遍这个城市的大街小巷，和你的同学好朋友甚至恋人一起，去疯去闹去大声的笑，留下青春最纯真的回忆。你将熟知每一个学校附近小吃摊的地点，从清晨晨练的大爷大妈那里学会一口地道的当地方言。毕业前夕，你很有可能在当地找到一份不错的实习岗位，褪去青涩朝着社会人的角色迈进。你很有可能留在当地就业，甚至结婚生子，让这个城市成为你的第二故乡。哪怕人生很长，未来不知四散何方。这个城市依然是你度过了四年最美好青春的地方。你身上早已不自知印上了青春的烙印。所以，请慎重选择，至少要去一个和自己气味相投的地方。\n\n', '2019-05-23 10:05:05', '12', '4');
INSERT INTO `answer` VALUES ('17', '1.明确你自己的兴趣。你得知道自己喜欢什么，大学四年，还是要学一个自己喜欢的专业，不然不是学得苦哈哈，就是学无所得。我看过太多因为没上自己喜欢的专业，而在大学里混毕业证的行为了。做自己感兴趣的事情，往往进步会更快，更容易在这个领域取得成功！2.了解这个专业就业前景如何。有些专业，往往会流传出一个人的毕业照这样的照片，真的比较冷门，比如考古学、历史学、哲学等，那么，你就得好好考虑一下了，这样的专业，往往就业也是比较困难的。你是想要继续深造做研究呢，还是想要毕业后工作呢？想想清楚再做决定。3.了解这个专业的具体课程有哪些。有些专业你喜欢了，但是课程可能真的很难，时常会有挂科的情况发生。当初我喜欢工商管理，我就上了工商管理专业，没想到还要学习高数。这对于一个对数学毫无感觉的人来说，简直就是要命。所以，其他课程都可以优秀，高数却挂了两次。学习高数的那段时间，简直就是人生的黑暗史，他直接拉低了我大学的幸福感！当然，这里面由我自己的很多问题，比如先入为主的以为自己学不会，所以不学，因为不学，所以学不会！所以，学弟学妹们还是要了解一下即将学习的课程的，要么励志好好学，要么就绕开！无论你选择什么专业，都祝你能够去一个自己心仪的大学，有一段美好的大学生活！', '2019-03-30 10:08:53', '13', '1');
INSERT INTO `answer` VALUES ('18', '物理学（师范）。\r\n\r\n特别难，不建议选，主要有物理学的力热光声电，还有实验的、教师技能，当然我现在还没学那么多，毕竟高数就把人折磨的要死要活了，另一方面....我数学要不是力学课和高数课都会涉及一下较浅微积分，我可能现在还不知道微积分是什么原理。', '2019-05-08 10:29:35', '14', '3');
INSERT INTO `answer` VALUES ('19', '如果是想当计算机老师，那么请一定要报一个货真价实的计算机专业，千万不要手抖填了教育技术学专业！因为这个专业不只是冷门，而且大家听到这个名字都不知道是做什么的，导致就业非常困难！当然，如果你准备考研，还是可以试试这个吧，虽然我也不知道这个专业考完研能干啥，反正我们班大多数考研的都是跨专业考的。还有教育学专业也最好不要报', '2019-04-30 10:36:01', '14', '2');
INSERT INTO `answer` VALUES ('20', '师资力量不同', '2019-06-10 15:22:58', '8', '1');

-- ----------------------------
-- Table structure for `article`
-- ----------------------------
DROP TABLE IF EXISTS `article`;
CREATE TABLE `article` (
  `article_id` int(10) unsigned NOT NULL AUTO_INCREMENT,
  `article_title` varchar(50) CHARACTER SET utf8 NOT NULL,
  `article_content` varchar(2000) CHARACTER SET utf8 NOT NULL,
  `article_time` datetime NOT NULL,
  `article_img` varchar(100) CHARACTER SET utf8 NOT NULL,
  `writer_id` int(10) unsigned DEFAULT NULL,
  `article_type` int(11) NOT NULL,
  `user_id` int(10) unsigned DEFAULT NULL,
  PRIMARY KEY (`article_id`),
  KEY `article_writer` (`writer_id`),
  KEY `article_users` (`user_id`),
  CONSTRAINT `article_users` FOREIGN KEY (`user_id`) REFERENCES `user` (`user_id`) ON DELETE CASCADE ON UPDATE CASCADE,
  CONSTRAINT `write_articles` FOREIGN KEY (`writer_id`) REFERENCES `writer` (`writer_id`) ON DELETE NO ACTION ON UPDATE NO ACTION
) ENGINE=InnoDB AUTO_INCREMENT=13 DEFAULT CHARSET=utf8 COLLATE=utf8_bin;

-- ----------------------------
-- Records of article
-- ----------------------------
INSERT INTO `article` VALUES ('1', '“两外一法”本科毕业生都去哪儿了？', '两外一法这三所高校分别是北京外国语大学、上海外国语大学、中国政法大学。三校位列国家首批“211工程”，入选“985工程优势学科创新平台”，国家首批“双一流”世界一流学科建设高校，实力非常强劲。\r\n\r\n　　一、基本情况　　北京外国语大学是中国共产党创办的第一所外国语高等学校，学校已开设98种外国语言，欧洲语种群和亚非语种群是目前我国覆盖面最大的非通用语建设基地，是教育部第一批特色专业建设点。据不完全统计，北京外国语大学毕业的校友中，先后出任驻外大使的就有400多人，出任参赞的1000多人，北京外国语大学因此赢得了“共和国外交官摇篮”的美誉。　　上海外国语大学是新中国成立后兴办的第一所高等外语学府，是新中国外语教育的发祥地之一。与新中国同龄的上海外国语大学经过近七十年的砥砺耕耘，今日的上外以其特色鲜明的治学理念和海纳百川的多元氛围，业已发展成为一所领先国内、享誉国际的外国语大学。　　中国政法大学被誉为“中国法学教育的最高学府”。在66年的办学历程中，学校为国家培养了各类优秀人才20余万人。学校多学科和跨学科的人才培养模式也为社会输送了一大批人文社会科学高级专门人才，成为国家政治、经济、社会、文化等领域人才培养的生力军。　　二、第四轮学科建设\r\n\r\n　　在教育部公布的第四轮学科评估结果中，中国政法大学的法学获得A+，北京外国语大学外国语言文学评级为A+，位居全国榜首。上海外国语大学外国语言文学学科获得A+(同北外并列全国第一)。　　三、各地录取分数线\r\n\r\n　　中国教育在线整理了2018年这三所高校在各省的本科录取分数线及对应的位次，供考生参考。　　四、毕业生就业情况\r\n\r\n　　本科毕业生去向\r\n\r\n　　2018届本科就业率均达到了96%以上(北外96.55%，上外97.56%，法大98.80%)，其中，中国政法大学的就业率达到了98.80%。本科毕业生在深造方面，中国政法大学国内升学和出国(境)人数均居于三校首位。　　本科毕业生签约单位性质分布\r\n\r\n　　从毕业生就业单位性质看，三校到其他企业的毕业生最多，除此之外，上外到三资企业毕业生最多(占比30.02%)，北外到国有企业毕业生最多(占比17.36%)，法大到机关单位就业生较多(占比15.99%)。', '2019-01-04 15:45:46', 'http://img.zcool.cn/community/01c81c5937d3a6a8012193a39a4d90.jpg@2o.jpg', '1', '1', null);
INSERT INTO `article` VALUES ('2', '报考大学需要注意什么', '咱们先把范围定位为大学先看的肯定是自己的分数在自己省份的省排名了（其实分数高低什么的都是纵向听起来的，真正能决定你能报的大学的范围是你的省排名，也就是横向比较）找到去年你的省排名以二百至五百为区间范围来找对应学校举个例子：假如我考我们省1464，那我就看我们省去年招生排名1300-1500/1200-1700的院校。接下来找到大致的院校范围了就开始选学校并且在这一环节我们可以大致看一下专业的选择了在这个部分我们分为三个选择方向第一个  选大学              即宁可在一个不是很好的专业不是很好的城市也要在一个特别优秀的大学。因为很多好的大学都有一些不是很好的专业，这些专业的录取分数往往低于投档分很多。而你正好可以利用这个机会进到一个好的大学。             但是到这里远远是不够的。你要继续走下去。那就是入学后的转专业。              你要考虑好这个学校的转专业的要求，因为在大一入学后每个学校在每个学期都会一定的转专业的时间和名额要求。如果你足够优秀你可以利用好这个机会转到王牌专业。这样的话你就在一个优秀大学的王牌专业了。但这个的前提就是要还好学习。             （我们学校是有两次转专业机会。分别在大一的两个学期末。并且对我们本专业的成绩不做要求。只要你学好你要转的那个专业的转专业考试要求的科目就行，但是这个是每个学校不一样的。搂搂要提前去相应学校的招生办了解一下）第二个 选专业            顾名思义就是选一个你认为就业前景特别好的专业。那么下一步就是考研考到一个更好的大学。          还有一种情况就是这个大学的这个专业在全国排名贼好但是这个大学综合排名不好。这样的话就没啥后顾之忧了。因为你学了一个全国排名很优秀的王牌专业。（举个例子：南京审计大学各位都知道吧，为国家审计事业培养人才。巨大的单向输出。就业率接近百分之百。）第三个 选城市          北京，上海。这样的城市。选择它们意味着你到了一个充满机会与机遇的城市。这样的城市每天都是可能性。你的可能性将不仅限于学校而在于整个城市。（举个例子那我们学校有一个美院的学长在大一自主创业，在学校的创业孵化器获得资金申请。现在他作为准大四。在北京有车有房有事业。）这是这三种选择情况，请楼楼查询咨询并且思考好你以后的人生方向。从你报考的那一瞬间开始思考。最后平行志愿怎么报第一个学校用来冲的也就是说报一个平均排名均高于你的排名的分数。去冲一下试试。毕竟每个学校在每个省的招生都有可能出现一些误差。比如我们这届山大和天大在我们省的招生就报空了。很尴尬(ー`´ー)最后它们的投档分真的超级低。这个时候如果有人考虑到拿这个学校冲一下的话能上的可能性很大的。接下来填的学校就要稳了学校排名要在你的省排名的范围之内这个一定一定要拉开档次！正常情况下我们都是以五分为分界线来拉开档次报学校的。为什么要这样呢举个例子（应那个同学腼腆的性格的要求我把他的分数说低了很多）我有个同学考了620分他前两个志愿的投档分出来之后都是621分也就是说前两个学校都报空了。然后他第三个学校报了一个特别随便的学校。差了大概二三十分吧。然后他就被录上了。其实在报考的时候你的分数该出投档分五分以内才是最好的状态。因为这样既没瞎分也不至于到一个特别不好的专业。像我这个同学这种情况就是瞎了二三十分考得大学。就相当于那二三十分都白考了。所以填志愿的时候一定要拉开档次才能避免瞎分！咱们先把范围定位为大学先看的肯定是自己的分数在自己省份的省排名了（其实分数高低什么的都是纵向听起来的，真正能决定你能报的大学的范围是你的省排名，也就是横向比较）找到去年你的省排名以二百至五百为区间范围来找对应学校举个例子：假如我考我们省1464，那我就看我们省去年招生排名1300-1500/1200-1700的院校。接下来找到大致的院校范围了就开始选学校并且在这一环节我们可以大致看一下专业的选择了在这个部分我们分为三个选择方向第一个  选大学              即宁可在一个不是很好的专业不是很好的城市也要在一个特别优秀的大学。因为很多好的大学都有一些不是很好的专业，这些专业的录取分数往往低于投档分很多。而你正好可以利用这个机会进到一个好的大学。             但是到这里远远是不够的。你要继续走下去。那就是入学后的转专业。              你要考虑好这个学校的转专业的要求，因为在大一入学后每个学校在每个学期都会一定的转专业的时间和名额要求。如果你足够优秀你可以利用好这个机会转到王牌专业。这样的话你就在一个优秀大学的王牌专业了。但这个的前提就是要还好学习。             （我们学校是有两次转专业机会。分别在大一的两个学期末。并且对我们本专业的成绩不做要求。只要你学好', '2019-02-06 14:48:14', 'http://5b0988e595225.cdn.sohucs.com/images/20170901/cdee30fd66184fbb9a0ddd7c30dc1520.jpeg', null, '2', '1');
INSERT INTO `article` VALUES ('3', '报考大学的心得', '第一，查了成绩之后，再查一分一档表。排名定高下，今年成绩分数和往年成绩分数没有可比性，高一本线多少分也一样，但相对来说比单纯比分数靠谱。只有排名最靠谱。第二，按照排名，查找往年心怡高校的投档线(即最低录取分数线)。参照三年的投档线对应排名即可。这些我相信每个高中的老师学长都会有，我就收集到了。第三，考虑好三个选学校专业的因素在心中排个高低。①学校重要(师资，资源，地理位置，科研团队，科研成果，221，985，双一流)②专业重要(自己喜欢，自己感兴趣，对其未来发展看好，对其对口职业感兴趣，梦想)如果专业行不强，成绩尚可建议找一些可以选择大类招生的学校，比如浙江大学等等，见我另一个答案。③城市重要(资源，地理位置，文化沉淀，毕业留市工作，未来憧憬，向往)哪个重要就从哪方面找。找学校的同时不要忘记查看招生指南，有些学校不在该年在某省招生，这些都要注意。比如，北京师范大学2017年没有在广西招生。我可伤心了。。。第四，如果学校重要的话，那就可以考虑拼好学校!有些学校投档线对应排名有大小年之分，所以可以适当考虑投机。第五，建议分数尚可就找学校，因为到了大学你会发现环境真的很容易影响一个人。身边的人很优秀，连带着你也会很优秀，更重要的时候以后出到社会上的人脉资源完全会不一样。至少，你机会和大触接触的机会更多。第六，分数觉得十分不稳的建议找一个好专业，专业对口，工作老婆热炕头，毕业后至少有保障。', '2019-02-10 16:08:49', 'http://imgsrc.baidu.com/imgad/pic/item/c9fcc3cec3fdfc035a9f2f95df3f8794a4c2263c.jpg', null, '2', '2');
INSERT INTO `article` VALUES ('4', '报考大学具体要考虑的方面', '我觉得应该考虑这么几个方面：第一，地域，你学校所在的城市很大程度上决定了你未来的发展。首先，学校的资源，老师的资源以及你自己的人脉资源都跟你读大学的城市挂钩。在中国城市主要四个个档次，第一档：北上广深四个一线城市，但这几个城市竞争很大，无论是对于填报志愿时的竞争，还是毕业后的就业竞争，在这样的城市读书你的压力会大很多，但压力也许就是动力。第二档：成都、杭州、武汉、重庆、南京、天津、苏州、西安、长沙、沈阳、青岛、郑州、大连、东莞和宁波等新一线城市或者其它个别实力相当的城市，这些城市近几年发展空间很大，而且城市基础设施配置都相对不错，在这些城市上大学也是个不错的选择，而且毕业后选择在这些城市工作的话，既有不错的职场发展空间而且避免了像在北上广深这几个城市那么大的竞争。第三档，其它省会城市以及东部经济较好的非省会城市。第四档，非东部的非省会城市。第三四档的城市总体发展限制太多，而且这些城市的教育资源也有限，也很少没有适合题主的大学，就不说了。第二，学校，我认为学校是排在地域之后的，而且中国的教育资源跟经济资源是挂钩的，经济发展好点的城市教育资源也不会太差。学校粗略点划分来说分为四档，第一档，双一流大学（原985及云郑新三所），其中原985大学是国家十几年很大经济投入建设的，学校学科建设，人才配置以及社会人口度等等都是非常好的，但考上不太容易 云南大学，新疆大学，贵州大学这三所原211高校，是去年因为某些政策考量而进入了双一流建设高校，以后的政策倾向以及发展趋势是肯定不会差，考上也有一定难度。第二档，一流学科建设高校（包括除了云郑新的所有70所211和15所原双非院校），原211高校也是国家长期资金投入建设的，学校水平以及社会认可等都相对不错，而且有些211院校实力比某些985还强，那15所非211的一流学科建设一般都是学校某些专业比较强势，其它专业一般但学校未来发展前景很好，如果你的分数只够上这些的话，也是不错的选择。第三档，实力相对不错的省属本科院校。第四档，专科及原三本。第三，专业', '2019-04-15 09:09:10', 'http://imgsrc.baidu.com/imgad/pic/item/c9fcc3cec3fdfc035a9f2f95df3f8794a4c2263c.jpg', null, '2', '3');
INSERT INTO `article` VALUES ('5', '关于报考大学是选”大学“优先还是选“专业”优先', '美国学生确实是先选择学校的，用自己的相当于美国高考的SAT成绩，配合高中课程成绩GPA，来确定出自己是能申请到美国前二十名的大学，还是只能申请到四十名到五十名的大学。再通过专门的咨询公司进行测评，确定出自己的各项素质适合的专业方向，以及将来是适合继续求学深造，还是适合本科毕业后直接进入职场，进行进一步的职业规划。这个服务环节能够避免上了大学之后才发现所学专业与自己的素质不匹配所造成的麻烦，避免学起来很痛苦，放弃又太可惜。再然后就是搜集所有目标学校的信息进行比对，并对重点的目标学校在父母的陪同下进行实地考察，主要关注的内容是学校教学生活环境，导师在业内的水平等等，最终筛选出最后的目标学校。最后就是向目标大学提交申请，参加招生官的面试，收到通知书后还要考虑学费奖学金等因素，最后确定去哪个学校就读哪个专业。国内的高校录取流程与美国的大有不同，每个行业之间的起薪和职业发展也相差很大。对于题主来说，我倒是建议先做个专业适合度测评，选出针对自己的素质和能力适合度高的专业，从这些专业里配合自己的爱好、家族资源将来能够给予的支持、行业的起步薪资以及行业在未来几年是否属于上升期来选定最终的几个专业，通过这些专业来匹配学校，从档次高的学校到档次低的学校挨个比较。考虑的因素有，历年录取分数，学校的这个专业在全国范围内的排名，师资力量，校园环境等，最终确定自己报考的学校和专业', '2019-05-07 12:09:43', 'http://img.zcool.cn/community/0163a658e4e227a801219c77193d3a.jpg@1280w_1l_2o_100sh.jpg', null, '2', '4');
INSERT INTO `article` VALUES ('6', '2019河南又多一所“大学”！', '日前，教育部正式批准了首批本科职业教育试点高校更名结果，它们由“职业学院”正式更名为“职业大学”，同时升格为本科院校。其中我省的周口科技职业学院更名为河南科技职业大学。\r\n\r\n　　全国首批“职业大学”诞生\r\n\r\n　　据报道，教育部批准的全国首批十五所职业本科试点学校名单如下：南昌职业学院、江西软件职业学院、泉州理工职业学院、山东外国语职业学院、山东凯文科技职业学院、山东外事翻译职业学院、周口科技职业学院、广东工商职业学院、广州科技职业技术学院、广西城市职业学院、海南科技职业学院、重庆机电职业技术学院、成都艺术职业学院、陕西电子科技职业学院、西安汽车科技职业学院。\r\n\r\n　　5月27日，教育部正式公布各个职业学院更名的消息。目前，除西安汽车科技职业学院尚未公布外，其中14所均正式公布了个更名结果，实现了更名“大学”，成为本科“职业大学”。\r\n　　有分析指出，本次高职升本出现了新的变化，国家教育部明确提出了“升格为本科层次职业学校”，同时升本后名称均保留了“职业”二字，这在高职升本中从未出现！\r\n\r\n　　2019年1月，国务院印发《国家职业教育改革实施方案》，用全篇8700多字的文件对职业教育提出了全方位的改革设想，对高校开展职业化教育提供了大量指导性建议，鼓励高校培养具有“工匠精神”的应用型技能人才。\r\n\r\n　　方案提出：职业教育和普通教育是两种不同的教育类型，具有同等重要的地位。随着各行各业对技术技能人才的需求越来越紧迫，职业教育的重要地位和作用越来越凸显。为贯彻全国教育大会精神，进一步办好新时代职业教育，坚持以习近平新时代中国特色社会主义思想为指导，把职业教育摆在教育改革创新和经济社会发展中更加突出的位置。\r\n\r\n　　因此，职业院校升本校名保留“职业”，是国家政策的改革，是时代发展的需要，是国家战略发展的决定。', '2019-03-17 19:58:23', 'https://goss.vcg.com/creative/vcg/800/version23/VCG215dc7b7c7a.jpg', '2', '1', null);
INSERT INTO `article` VALUES ('7', '中国戏曲学院：新增3个剧种，部分专业取消三试', '2019年中国戏曲学院扩大了戏曲类专业的招生规模，地方戏本科层次新增赣剧、湘剧、花鼓戏3个剧种。戏曲学院今年进一步整合专业和招考方向的考试内容，大部分专业由三试变为两试，取消戏曲文学、国际文化交流两个招考方向的面试环节，并逐步提考生高考分数在录取分数中的比重。学校京剧、昆曲等多个招考方向继续执行免学费政策，2019年报名时间为16天，取消现场收费环节。\r\n\r\n　　一、今年学校艺术类招生政策与以往相比有什么新变化、新亮点？\r\n\r\n　　张文振：与以往相比，中国戏曲学院今年的招生政策有以下八个方面的新变化、新亮点：\r\n\r\n　　一是学院为了加快推进高水平特色大学的建设步伐，更加重视内涵建设和特色发展，更加突出戏曲类专业的核心地位，进一步扩大了戏曲类专业的招生规模，发挥学院在全国戏曲教育中的引领作用。学院今年扩大了京剧表演、昆曲表演、多剧种表演、多剧种器乐、戏曲形体教育等招考方向的招生规模。这既是学院的“小学校、大责任”的办学担当，也是学院对国家更加重视传统文化、传统艺术以及戏曲艺术的生态环境日益转好的直接回应。\r\n\r\n　　二是地方戏本科层次的人才培养新增3个剧种，我院培养的戏曲剧种除京剧、昆曲外，将达到24个。我院今年的多剧种表演、多剧种器乐将招收赣剧、湘剧和花鼓戏，这将是这三个国家级非遗剧种第一次成建制地培养本科人才。\r\n\r\n　　三是在注重考察考生专业水平和发展潜力的同时，更加重视考生的文化素质，逐步提高高考分数在录取中的比重。今年变化比较大的是我们的戏剧影视文学专业，它所辖的两个专业方向戏曲文学、国际文化交流，录取原则由原先的“高考成绩达到我院录取自划线，将专业成绩60％、高考成绩40％相加，按总成绩排名录取”，变更为“高考成绩达到我院录取自划线，将专业成绩40％、高考成绩60％相加，按总成绩排名录取”。大幅度提高了高考成绩在录取中的比重，鼓励考生更加重视文化课的学习。\r\n\r\n　　四是为了扩大戏曲类专业的规模，我们压缩了影视表演、影视导演、戏曲舞蹈、绘画等招考方向的招生规模，鼓励这些专业进一步开展具有国戏特色的教学改革，强化内涵和特色建设。\r\n\r\n　　五是进一步整合部分专业和招考方向的考试内容，压缩考试时间，节约考生的考试成本。继去年京剧系、音乐系的招生改革后，表演系的昆曲表演、昆曲器乐、多剧种表演、多剧种器乐、戏曲形体教育、戏曲舞蹈，导演系的戏曲导演、影视表演等招考方向全部由三试变为两试。目前，除了戏曲影视导演专业外，其他专业都为两试。\r\n\r\n　　六是根据学院办学特点和专业培养目标，进一步改革了人才选拔方式和考试内容，取消戏曲文学、国际文化交流两个招考方向的面试环节，重在考察考生的基础写作和文化综合能力。\r\n\r\n　　七是学院继续招收非艺术类的文化产业管理专业，鼓励那些有志于从事剧场、剧院管理工作且高考成绩能够达到一本线的考生报考。\r\n\r\n　　八是取消现场收费环节，所有专业和招考方向的一试、二试和三试全部改为网上缴费和移动支付，便于考生缴费考试。\r\n\r\n　　二、今年学校艺术类招生专业、招生计划有何变化？\r\n\r\n　　张文振：今年的招生计划与往年相比，减少了15人，全国共招515人。艺术类专业的变化主要集中在京剧表演、昆曲表演、多剧种表演、多剧种器乐、戏曲形体教育、民族器乐的名额增加，影视表演、影视导演、戏曲舞蹈、绘画、音响艺术设计的招生名额有所减少，有的专业减招规模在30%以上。还有就是今年的多剧种表演、多剧种器乐新增了赣剧、湘剧和花鼓戏的招生计划。\r\n\r\n　　三、今年学校报名考试时间及安排是怎样的？\r\n\r\n　　张文振：我院今年报名的时间是16天，1月15日开始网上报名，1月31日网上报名结束，具体的考试时间详见招生简章。\r\n\r\n　　四、考生报考时需要注意哪些问题？\r\n\r\n　　张文振：考生在报考时需要注意的问题主要有：\r\n\r\n　　1. 所有考生必须进行网上报名，在进行网上报名前，请务必仔细阅读《中国戏曲学院2019年本科招生简章》、报名须知、公告通知等全部信息。不按要求报名，误填、错填报考信息或填报虚假信息而导致不能考试及录取的，后果由考生本人承担。\r\n\r\n　　2. 在考生网上缴费成功后，务必自行打印一试专业考试准考证（截止日期为专业考试前一天）,现场不再为考生打印。二试、三试专业考试准考证于成功缴费后自行打印。没有专业考试准考证将无法参加考试。\r\n\r\n　　3. 考生务必带齐以下材料方能参加考试：①身份证原件（如身份证丢失，必须携带加盖公章的户籍所在地派出所出具的带有考生照片及身份证号码的证明原件）；②我院专业考试准考证；③2019年艺术类考生高考报名证件原件。缺少这些证件将无法参加考试。\r\n\r\n　　4. 报考京剧系、表演系、音乐系各个专业的考生一定要注意，这些专业都有规定的现场确认时间，请考生务必在规定的时间到学校现场进行确认。\r', '2019-03-29 17:40:29', 'https://goss1.vcg.com/creative/vcg/800/version23/VCG41200309822-001.jpg', '4', '1', null);
INSERT INTO `article` VALUES ('8', '苏州大学：三个专业取消单科成绩限制', '苏州大学2019年艺术类本科招生总数不变，计划招生360人，美术学专业与美术学（师范）艺术类专业之间招生人数有所调整。美术与设计类专业、音乐学类专业、播音与主持艺术专业全面取消单科成绩限制。今年学校还对美术与设计类专业录取原则进行了调整，美术与设计类中使用省统考成绩录取的专业，改为按投档成绩进行录取。不同专业录取原则有差异，考生在报考时需分清。\r\n\r\n　　一、2019年学校艺术类招生政策与以往相比有什么新变化、新亮点？\r\n\r\n　　靳葛：今年我校艺术类招生政策基本保持稳定。相对2018年主要变化有：美术与设计类专业、音乐学类专业、播音与主持艺术专业全面取消单科成绩限制；对于美术与设计类中使用省统考成绩录取的专业，录取依据改变为按照投档成绩进行录取。\r\n\r\n　　二、2019年学校艺术类招生专业、招生计划有何变化？\r\n\r\n　　靳葛：学校2019年艺术类本科招生专业、招生总计划数没有变化。共计招收360人。\r\n\r\n　　美术与设计类专业有视觉传达设计、环境设计、产品设计、服装与服饰设计、美术学、美术学（师范）、数字媒体艺术、艺术设计学八个招生专业，总计划240人。其中报考美术学、美术学（师范）、数字媒体艺术、艺术设计学专业的考生仅需要参加省级统考即可。\r\n\r\n　　播音与主持艺术专业计划30人，报考此专业的考生需要参加我校校考。\r\n\r\n　　音乐类专业有音乐学（师范）、音乐表演两个招生专业，总计划90人，其中报考音乐学（师范）专业考生仅需要参加省级统考即可。\r\n\r\n　　相对2018年主要变化：美术与设计专业中，美术学专业招生计划由原来的40人减少至20人，美术学（师范）专业招生计划由原来的20人调整为40人。\r\n\r\n　　三、请介绍一下今年学校考点的安排情况。\r\n\r\n　　靳葛：音乐表演专业今年设两个校考考点，分别为广州星海音乐学院考点和苏州大学考点。广州考点的报名时间为2019年2月1日至2月19日，考试时间为2月25日至2月26日。苏州大学考点报名时间为自简章发布之日起至2019年2月22日，考试时间为3月2日至3月3日。\r\n\r\n　　美术与设计类专业校考共设10个考点，各考点考试日期分别为：郑州考点1月20日、杭州考点1月21日、成都考点1月24日、合肥考点2月15日、晋中考点2月17日、长沙考点2月19日、石家庄考点2月20日、青岛考点2月22日、沈阳考点2月23日、佛山考点2月26日。具体报名时间请到“苏州大学本科招生网（zsb.suda.edu.cn）”或关注“苏大本科招生”微信订阅号查看。考生可根据自己的实际情况，按照简章要求，选择考点参加考试。\r\n\r\n　　四、考生报考时需要注意哪些问题？\r\n\r\n　　靳葛：所有艺术类考试全部实行网上报名、网上缴费的方式，不接受现场报名和现场缴费。请考生务必关注我校本科招生网上发布的艺术类相关专业招生简章，在规定的时间内报名缴费。\r\n\r\n　　凡我校设考点的省份的考生只能在我校所设的本省考点报名考试。对于美术与设计类专业，我校未设考点省份的考生可选择杭州、成都、沈阳其中一个考点报名考试，如果考生多次参加我校专业考试，最终成绩以第一次考试成绩为准。\r\n\r\n　　五、专业考试结果何时能够查询？\r\n\r\n　　靳葛：专业校考成绩2019年4月5日起开始查询。考生可通过我校本科招生网查分系统或“苏大本科招生”微信订阅号查询专业成绩，专业合格考生网上打印合格证，我校不发放纸质合格证。\r\n\r\n　　六、考生填报志愿需要注意什么？\r\n\r\n　　靳葛：我校美术与设计类中的校考专业视觉传达设计、环境设计、产品设计、服装与服饰设计四个专业参照独立设置本科艺术院校进行招生。报考美术与设计类的考生，我校按照分数优先的原则录取，考生在填报专业志愿时，建议将自己喜欢的专业或分数相对较高的专业填在前面，并服从专业调剂。', '2019-05-12 17:26:18', 'https://goss3.vcg.com/creative/vcg/800/version23/VCG210f9764830.jpg', '3', '1', null);
INSERT INTO `article` VALUES ('9', '“川山吉”，谁的综合实力更强？ ', '“川山吉”是指四川大学、山东大学和吉林大学，因为每年招生人数众多、实力相当而经常被一起提起。这三所学校每年的招生人数过万，因此也被称为中国高校中的“巨无霸”大学。\r\n\r\n　　从整体上看，三所学校都入选了211工程、985工程、“双一流”高校队列。为方便大家直观了解“川山吉”三所高校之间的具体差异，我们从办学规模、师资力量、经费及资源、优势学科、录取分数线及毕业生情况等几方面进行分析。\r\n\r\n　　一、办学规模\r\n\r\n　　这三所高校都是合并而成，都曾合并国内著名的“医科大学”：\r\n\r\n　　四川大学由原四川大学、原成都科技大学、原华西医科大学三所大学经过两次合并而成。\r\n\r\n　　山东大学由原山东大学、山东医科大学、山东工业大学三校合并组建。\r\n\r\n　　吉林大学由原吉林大学、白求恩医科大学、长春科技大学（东北地质学院）、吉林工业大学、长春邮电学院和解放军军需大学合并而成。\r\n\r\n　　从学校规模来看，吉林大学最大，占地面积达到11399亩，在校生人数70567人。从所处地理位置来看，四川大学和山东大学则更优于吉林大学。', '2019-04-25 17:22:53', 'https://goss2.vcg.com/creative/vcg/800/version3/17092940561e489e8dabf1a700d28f7b.jpg', '2', '1', null);
INSERT INTO `article` VALUES ('10', '北京工业大学招生有六项调整', '上周末，北京工业大学举办了“逐梦工大，筑梦飞翔”为主题的校园开放日暨本科招生咨询会。平乐园校区和通州校区当日同步开放。开放日现场咨询活动在平乐园校区的南操场举行，专业教师和相关职能部处工作人员与前来咨询的家长和考生进行了面对面交流。在校礼堂举行的招生宣讲会上，学校相关部门负责人围绕本科招生政策、本科人才培养、学生成长、毕业生升学就业等内容展开宣讲。学校当天开放了本科生创新成果展室、校史馆、宿舍样板间等，向前来咨询的考生和家长展示了学校的办学历史和发展成就，以及本科生人才培养特色及育人成果。\r\n\r\n　　北工大作为招收北京考生最多的“211工程”建设高校，今年招生政策有哪些变化？填报志愿要注意哪些问题？本报记者日前采访了学校招办主任王丹。\r\n\r\n　　记者：学校今年招生政策有哪些变化？\r\n\r\n　　王丹：学校今年的招生政策基本保持稳定，在六个方面略有调整。\r\n\r\n　　招生人数有变化。今年学校全国招生总计划3150人，京内分省计划2115人，京外分省计划780人。其中，“双培计划”招生198人；“外培计划”招生增至78人，共在10个专业设置。\r\n\r\n　　招生专业有变化。学校今年新增“智能制造工程”专业，与机械工程一起，按照机械类进行大类招生。原“资源循环科学与工程”专业并入材料类（实验班）按跨专业大类招生。学校停招了艺术类的动画专业、普通类的文化产业管理专业。\r\n\r\n　　英语单科分数个别专业有要求。学校今年新增了对中外合作办学专业的英语成绩分数要求，英语成绩不低于满分的70%，即对北京考生来说，英语成绩不低于105分。此外，“外培计划”要求英语单科成绩不低于120分。与往年一样，英语专业的考生口语成绩要求良好及以上。\r\n\r\n　　学习地点有变化。除去年在通州校区进行大一年级学习的学院和专业外，设计学类、美术学类的2019级新生也将于第一年到位于北京副中心的通州校区进行学习和生活，第二年开始回到北京工业大学校本部（平乐园校区）学习和生活。\r\n\r\n　　加分政策有变化。普通类、艺术类加分政策均为“调档加分，进专业不加分”的原则。\r\n\r\n　　今年学校艺术类专业取消校考，设计学类、美术学类专业的专业考试成绩均采用省级招生主管部门统一组织的美术类统考成绩，且考生美术统考成绩不低于满分的70%。同时，北京艺术类考生录取批次有变化，在本科提前批艺术类B段按照平行志愿的规则录取。京外则按照省级招生主管部门规定的录取原则录取。\r\n\r\n　　记者：学校“双培计划”“外培计划”招生和培养情况如何？\r\n\r\n　　王丹：学校今年继续在17个专业开设“双培计划”，包括机械工程、通信工程、电子科学与技术、交通工程、计算机科学与技术、物联网工程、信息安全、软件工程、材料类（实验班）、国际经济与贸易、视觉传达设计、产品设计、环境设计、工艺美术、能源动力类、环境科学与工程类、自动化。合作培养的部属院校有9所，包括清华大学、北京大学、北京航空航天大学、北京理工大学、北京邮电大学、北京交通大学、北京科技大学、对外经济贸易大学、中国地质大学。\r\n\r\n　　学校的“外培计划”将在电子科学与技术（实验班）、材料类（实验班）、数学类、能源动力类、生物技术（实验班）、计算机科学与技术（实验班）、应用物理学、机械类、电子信息工程（实验班）、土木类等10个专业进行招生。合作培养的4所境外院校是美国肯塔基大学、爱尔兰国立都柏林大学、爱尔兰国立考克大学、英国诺丁汉大学。其中，英国诺丁汉大学是今年新增的境外对口培养高校，招收土木类和数学类专业考生。\r\n\r\n　　记者：成绩处于什么水平的北京考生报考更有把握？\r\n\r\n　　王丹：多年以来，学校得到北京众多家长和考生的关注和青睐。接受“985”“211”高校教育的北京考生每3.5人中就有1人就读于北工大。\r\n\r\n　　参考往年录取情况看，北京理科考生的市排名在8000名以内、文科考生的市排名在2400名以内，在本科普通批次A志愿报考北工大，被录取的机会较大。', '2019-01-06 13:54:59', 'https://goss4.vcg.com/creative/vcg/800/version23/VCG41476193812.jpg', '1', '1', null);
INSERT INTO `article` VALUES ('11', '报考时如何全面了解一所大学', '首先，知乎上日前热门的“大学就读体验”系列，可做参考，但只可信一半。一个学校强势专业与弱势专业的学生，就读体验很可能天壤之别。了解一所学校，其文化底蕴很重要。听过这样一句话，大学之大，不在于规模之大，而在于气节之大。文化底蕴这种东西是不可能包装出来的。如果你有条件，一定去学校走一走看一看，很多问题迎刃而解。其次，最了解这个学校的，莫过于学生本身。教学硬件软件交通娱乐，熟稔于心。另外我认为，此学校在当地的认可度十分重要。若能上一所当地老大哥学校，最好不过。（然而我没有如愿…）这一点的好处，不论你是说逢年过节亲友聚会看似谦虚实则装逼也好，或是走在街上被问起是哪个学校的学生也好，最正经的，是这个省份很多比赛很多就业机会，都倍儿带劲。（然而我没有如愿…唉…）作为一个大一学生，只能考虑到这，不过若作为高考填报志愿选择学校时，分数线专业实力地区竞争力毕业生走向（意向专业），还有以上，就足够了。最后，手动加粗！！永远不要让“宿舍太差”“地方太偏”“要断电断网”“周围没有商场”etc成为你拒绝一所学校的原因。', '2019-06-01 09:10:12', 'https://goss1.vcg.com/creative/vcg/800/version23/VCG41471192976.jpg', null, '2', '2');
INSERT INTO `article` VALUES ('12', '报考大学真的有必要尽量去211大学么', '打算以自己为例讲讲这个问题。基本情况：长在沿海二三线城市，现在在内地二三线的省会念书，大二，211。高考时成绩出来就只比一本线多了几分，浙江的一本比二本多算一项（自选模块，总分60）的考试成绩。填志愿的选择：填志愿一共是三种方式：1、放弃自选模块的分数，选择很好的二本；2、在沿海地区找个一般、普通的一本；3、去其他的比较不发达的地方找个一般的211大学来念。首先，第一种方式很快就放弃了。原因如下：1、不想浪费了自选的分数，虽然分数挺差的，但是背后代表了我学6本书时的辛酸汗水……；2、浙江省填志愿是一批一批来的，就是先填了第一批，过段时间再填第二批的意思，所以在二十几号填一本的志愿的时候，有着一本分数的很难不会去填志愿；3、再好的二本也只是二本啊。所以，很快就只在第二种和第三种之间纠结了。先预告结果，最后我填的五个志愿中，前四个都是不很发达地区的211大学，最后一个是在我妈强烈要求、几乎要和我吵起来的情况下，填了一个本市的大学。在填志愿的过程中，我曾经一度为了念211，填了青海大学，后来在一个亲戚的说明下，改掉了。我没有什么歧视的意思。青海大学是211，但是应该是国家为了保证每个省份都要有一所211的要求才被选入的，其实际上学校的能力并没有很强，而且对我来说，真的是太远了，我也不太能习惯他们那边的生活习惯（听别人说的情况）。当时为什么后来这么执意要念211？理由如下：1、我曾经在报纸上看过到一则建行（如果没记错的话）的招聘消息，有一个职位的要求是211本科毕业或研究生。那时候应该才高二，但是对211就留下来非常深刻的印象。2、一般情况下，211算是一本里相对好一些的学校，所占有的资源也就更多。这点在我来了大学之后也得到了一定程度上的验证。我们学校去年还是今年初拿到了中央和自治区给的加上自筹的有17.1亿。17.1亿，我们学校平均一个年级7000人，研究生不知道多少大概就算3000人吧。假设这些钱我们学校用二十年，平均每个人可以分到（1710000000/【7000*4+3000*3+（7000+3000）*19】=7566。按照我们的专业来说，我们的摄影中心可以做到给每一届新进来的学生配一台佳能60D，还配上三脚架等一系列的东西。当然这个钱是不能这样分的，理工科会拿走好多，文科分到的相对就少一些。不过学校整体的设施水平都会提高。3、好听啊。211这个名号虽然没有985强，但是确实也还不错啊。现在的想法：211的好处：1、211确实有211的好处。以我的专业为例，其他的我也不了解。浙江卫视招暑期实习生，要求里就明确列出是要211的。这已经不是优先不优先的问题了，而是你有没有资格投简历的问题了。（当然你也不能排除一些浙传（非一本，非211）的大牛会成为他们的实习生，我猜的。）2、在这个地区的地位高，能够获得更好的更多的机会。我们学校是这个自治区唯一的211，也被称为是广西第一学府……。我享受过这样的福利。不知道大家知不知道“中国——东盟博览会”，他们博览局招博览会期间的实习生（就是帮他们写稿子）就只来我们学校我们学院，也就是说，其他的学校都没机会，甚至都不知道这件事。且不说这个实习生收益大不大，单就你知不知道这个情况、有没有资格就已经说明了很多问题了。3、实习对以后找工作的重要程度也是不用说的。所以，我认为“211可以让你在实习时就比别人快一点，好一点”这样的表述大体上还是没有问题的。4、我们学校出来的在这个地区找工作比其他学校的还是要相对好一些的，注意只是相对，除了学校，单位还会看其他的蛮多的东西的。不知道你的成绩怎么样，和我的情况像不像，如果你的分数高一本线挺多的，一般填的学校都自然而然都会是一些211的学校。如果你和我的情况比较像，是在内陆的211和沿海的一般一本之间选的话，你就继续往下看，这是我在广西呆了两年遇到的问题。1、人脉问题。像我一个外省来的，在这里念完书走了，大学里认识的人不是留在这里就是各奔东西。以我这届为例，广西在浙江招的文科生才30人，我就算是都认识了他们，也才多少人。2、个人认为这是一个挺严重的问题——你怎么回去？这个问题涉及到人脉、大学名气等等。我怎么靠着在浙江一点名气都没有的广西大学的本科文凭回到浙江找到工作？？如果题主和我差不多分数，填志愿的时候要考虑这个问题，到底是就留外地，还是回去？要是打算回去，又怎么回去？这个问题我觉得比较难。如果是高一本五六十分，一般就不会有这个问题了。3、一年回家两次，想想都心酸。从广西回家，飞机两三小时，火车二十几小时，一年回不了几次家。4、机会和对手。在发达的地方，你遇到的机会更多。像北上广，每段时间都好多找新闻实习的微博信息发出来，但是内地一点的就很少了。这是机会数量的差别。另一个，在北京，学新闻的竞争对手从北大到人大到中传再到其他不太知名的学校满大街都是，夸张说法啊', '2019-06-03 22:27:12', 'https://goss1.vcg.com/creative/vcg/800/new/gic19414226.jpg', null, '2', '3');

-- ----------------------------
-- Table structure for `city`
-- ----------------------------
DROP TABLE IF EXISTS `city`;
CREATE TABLE `city` (
  `city_id` int(10) unsigned NOT NULL AUTO_INCREMENT,
  `city_name` varchar(255) CHARACTER SET utf8 NOT NULL,
  `city_gdp` double NOT NULL,
  `city_salary` int(11) NOT NULL,
  `city_img` varchar(255) CHARACTER SET utf8 DEFAULT NULL,
  `province_id` int(10) unsigned NOT NULL,
  `city_type_id` int(10) unsigned NOT NULL,
  `city_content` varchar(2000) CHARACTER SET utf8 NOT NULL,
  PRIMARY KEY (`city_id`),
  KEY `city_province` (`province_id`),
  KEY `city_types` (`city_type_id`),
  CONSTRAINT `city_province` FOREIGN KEY (`province_id`) REFERENCES `province` (`province_id`) ON DELETE NO ACTION ON UPDATE NO ACTION,
  CONSTRAINT `city_types` FOREIGN KEY (`city_type_id`) REFERENCES `city_type` (`city_type_id`) ON DELETE NO ACTION ON UPDATE NO ACTION
) ENGINE=InnoDB AUTO_INCREMENT=24 DEFAULT CHARSET=utf8 COLLATE=utf8_bin;

-- ----------------------------
-- Records of city
-- ----------------------------
INSERT INTO `city` VALUES ('1', '哈尔滨市', '55283', '3834', 'https://goss4.vcg.com/creative/vcg/400/new/a83f972796b04e2283e409d0c65bfca4.jpg', '1', '2', '哈尔滨，简称“哈”，别称“冰城”，是黑龙江省省会、副省级市、特大城市、中国东北地区中心城市之一，哈尔滨都市圈核心城市，是东北北部交通、政治、经济、文化、金融中心，也是中国省辖市中陆地管辖面积最大、户籍人口居第三位的特大城市.');
INSERT INTO `city` VALUES ('2', '大庆市', '85977', '5718', 'https://goss2.vcg.com/creative/vcg/400/version23/VCG216aef34cc1.jpg', '1', '3', '大庆，别称油城、百湖之城，是中国最大的石油石化基地，是黑龙江省地级市，位于黑龙江省西南部，是黑龙江省省域副中心城市 [1]  ，哈长城市群区域中心城市 [2]  。综合实力位列全国地级城市第11位 [3]  ，中国城市财力50强 [4]  新二线城市 [5]  。');
INSERT INTO `city` VALUES ('3', '长春市', '86931', '6357', 'https://goss2.vcg.com/creative/vcg/400/version23/VCG41170093299.jpg', '2', '2', '长春，简称“长”，别称“春城”，古称“喜都”、“茶啊冲”、“黄龙府”，是吉林省省会、副省级市、东北亚经济圈中心城市，是国务院定位的中国东北地区中心城市之一，国家历史文化名城，我国重要的工业基地和综合交通枢纽。');
INSERT INTO `city` VALUES ('4', '吉林市', '1800.6', '4980', 'https://goss1.vcg.com/creative/vcg/400/version23/VCG41170093329.jpg', '2', '3', '吉林市是中国唯一省市同名的城市。东北地区和吉林省重要的交通枢纽中心城市和新型工业基地。吉林省第二大城市。吉林省原省会及国务院批准设立的较大的市，具有雾凇之都、中国北方特色的旅游城市，国家历史文化名城、中国书法城等名誉。荣登福布斯中国大陆最佳商业城市排行榜。首批国家新型城镇化综合试点地区。');
INSERT INTO `city` VALUES ('5', '沈阳市', '70722', '4460', 'https://goss1.vcg.com/creative/vcg/400/version23/VCG41534043255.jpg', '3', '2', '沈阳，简称“沈”，别称盛京、奉天，是辽宁省省会、 [1]  副省级市、沈阳都市圈核心城市，国务院批复确定的中国东北地区重要的中心城市、先进装备制造业基地和科技创新中心，全市下辖10区、2县，代管1县级市，面积1.29万平方公里，常住人口829.1万人，城镇化率80.55%，是环渤海以及东北唯一的特大城市。');
INSERT INTO `city` VALUES ('6', '鞍山市', '1597.5', '5028', 'https://goss.vcg.com/creative/vcg/400/new/acf168cf6d8a4518af2d1a0b361629d3.jpg', '3', '3', '鞍山，简称鞍，辽宁省省辖市，是辽宁省第三大城市，我国重要的钢铁工业基地，辽中南地区重要的中心城市 [1]  。是国务院批准的具有地方立法权的较大的市，沈阳经济区副中心城市，因市区南部一座形似马鞍的山峰而得名。鞍山地处环渤海经济区腹地，辽东半岛中部，位于沈大黄金经济带的重要支点，是辽宁中部城市群与辽东半岛开放区的重要连接带');
INSERT INTO `city` VALUES ('7', '上海市', '20101.33', '7216', 'https://goss1.vcg.com/creative/vcg/400/version23/VCG41526528747.jpg', '4', '1', '上海，简称“沪”或“申”，是中国共产党的诞生地，中华人民共和国直辖市、国家中心城市、超大城市，国际经济、金融、贸易、航运、科技创新中心和综合交通枢纽，首批沿海开放城市。上海地处长江入海口，是长江经济带的龙头城市、G60科创走廊核心城市。隔东中国海与日本九州岛相望，南濒杭州湾，北、西与江苏、浙江两省相接。');
INSERT INTO `city` VALUES ('8', '温州市', '5453.2', '5603', 'https://goss4.vcg.com/creative/vcg/400/new/092c4c8b0fa447bbbff6b5f3cb852acd.jpg', '5', '2', '温州，简称“瓯”，浙江省地级市；浙江省区域中心城市之一。温州位于浙江省东南部，瓯江下游南岸。全市陆域面积11612.94平方千米，海域面积约11000平方千米。全市辖4个市辖区、5个县、2个县级市。2017年常住人口921.5万人。。');
INSERT INTO `city` VALUES ('9', '湖州市', '2476.1', '12746', 'https://goss4.vcg.com/creative/vcg/400/new/VCG211115973864.jpg', '5', '3', '湖州市是浙江省下辖地级市，是“长三角城市群”成员城市 [1]  、环杭州湾大湾区核心城市、G60科创走廊中心城市，地处浙江省北部，东邻嘉兴，南接杭州，西依天目山，北濒太湖，与无锡、苏州隔湖相望，是环太湖地区因湖而得名的城市。处在太湖南岸，东苕溪与西苕溪汇合处。下设2区3县，面积5820.13平方千米 [2]  。2016年户籍人口264.84万。');
INSERT INTO `city` VALUES ('10', '北京市', '17801', '7828', 'https://goss4.vcg.com/creative/vcg/400/version23/VCG21ef1a15bda.jpg', '6', '1', '北京，简称“京”，是中华人民共和国的首都、直辖市、国家中心城市、超大城市、国际大都市，全国政治中心、文化中心、国际交往中心、科技创新中心和综合交通枢纽，是中国共产党中央委员会、中华人民共和国中央人民政府、全国人民代表大会、中国人民政治协商会议全国委员会、中华人民共和国中央军事委员会所在地，也是中部战区司令部驻地。');
INSERT INTO `city` VALUES ('11', '石家庄市', '5857.8', '4759', 'https://goss4.vcg.com/creative/vcg/400/new/b5f84eefeeb345b4b9d5405442e478c7.jpg', '7', '2', '石家庄，简称“石”，旧称石门，是河北省省会，地处河北省西南部。截至2016年底，石家庄辖区总面积15848平方公里，其中市区面积2206平方公里，全市常住人口1078.46万人，下辖8个区、11个县，代管3个县级市。');
INSERT INTO `city` VALUES ('12', '廊坊市', '2880.6', '5442', 'https://goss4.vcg.com/creative/vcg/400/new/06af820b61dc4874bdc3f9cf5068f2d9.jpg', '7', '3', '廊坊市，河北省地级市，位于河北省中部偏东，北临首都北京，东与天津交界，南接沧州，西连保定，受地质构造的影响，廊坊市大部处于凹陷地区；地处中纬度地带，属暖温带大陆性季风气候；地处京津冀城市群核心地带，环渤海腹地。廊坊市辖两个区、两个县级市及六个县，总面积6429平方千米，市区面积54平方千米。2017年常住人口474.1万人。');
INSERT INTO `city` VALUES ('13', '洛阳市', '3782.9', '5445', 'https://goss4.vcg.com/creative/vcg/400/new/dc82f9ff8ff54091b240d6ed66570edf.jpg', '8', '3', '洛阳，古称斟鄩、西亳、洛邑、雒阳、洛京、京洛、神都、洛城等，位于河南省西部、黄河中下游，因地处洛河之阳而得名，是国务院首批公布的国家历史文化名城，中国四大古都之一，世界文化名城。');
INSERT INTO `city` VALUES ('14', '宜昌市', '3857.17', '5111', 'https://goss3.vcg.com/creative/vcg/400/version23/VCG41508278240.jpg', '9', '3', '宜昌，湖北省辖地级市，古称夷陵，位于湖北省西南部、长江上中游分界处，建制历史逾两千年。“宜昌”之名始于东晋，市的建制始于解放初，于1992年设立地级市。宜昌市地理环境复杂多样，地形比较复杂，高低相差悬殊；位于中亚热带与北亚热带的过渡地带，属亚热带季风性湿润气候。2017年，全市总面积21227平方千米，辖五区、三市、五县，2017年常住人口413.56万人。');
INSERT INTO `city` VALUES ('15', '佛山市', '9500', '5573', 'https://goss1.vcg.com/creative/vcg/400/version23/VCG41590217479.jpg', '10', '2', '佛山，前身为管辖珠江三角洲的粤中行署、佛山专区， [1]  现广东省省辖市，中国重要的制造业基地，国家历史文化名城，珠三角地区西翼经贸中心和综合交通枢纽 [2]  。佛山位于广东省中部，地处珠三角腹地，毗邻港澳，东接广州，南邻中山。是“广佛都市圈”、“广佛肇经济圈”、“珠江-西江经济带”的重要组成部分，全国先进制造业基地、广东重要的制造业中心，在广东省经济发展中处于领先地位。');
INSERT INTO `city` VALUES ('16', '珠海市', '2564.73', '6386', 'https://goss4.vcg.com/creative/vcg/400/new/2a962123c92a4a28a4d90e7bff39be1a.jpg', '10', '3', '珠海，广东省地级市，珠江三角洲中心城市之一，东南沿海重要的风景旅游城市 [1]  。地处北纬21°48′～22°27′、东经113°03′～114°19′之间。 [2]  位于广东省珠江口的西南部，东与香港隔海相望，南与澳门相连，西邻江门市新会区、台山市，北与中山市接壤。设有拱北、九洲港、珠海港、万山、横琴、斗门、湾仔、珠澳跨境工业区等8个国家一类口岸，是珠三角中海洋面积最大、岛屿最多、海岸线最长的城市，素有“百岛之市”之称。');
INSERT INTO `city` VALUES ('17', '三亚市', '529.25', '5768', 'https://goss1.vcg.com/creative/vcg/400/version23/VCG41569011383.jpg', '11', '3', '三亚，简称崖，古称崖州，别称鹿城。是海南省下辖地级市，位于海南岛的最南端。三亚东邻陵水县，西接乐东县，北毗保亭县，南临南海，介于北纬18°09′34″~18°37′27″、东经108°56′30″~109°48′28″之间。 [1]  三亚市陆地总面积1919.58平方千米，海域总面积6000平方千米。东西长91.6千米，南北宽51公里，下辖四个区。 [2]  2017年，全市常住人口为76.42万人，聚居了汉族、黎族、苗族、回族等20多个民族。');
INSERT INTO `city` VALUES ('18', '重庆市', '11459', '5316', 'https://goss4.vcg.com/creative/vcg/400/version23/VCG21gic18853167.jpg', '12', '2', '重庆，简称渝或巴， [1]  是中华人民共和国中西部唯一的直辖市、国家中心城市 [2]  、超大城市、国际大都市，长江上游地区的经济、金融、科创、航运和商贸物流中心， [3]  西部大开发重要的战略支点、“一带一路”和长江经济带重要联结点以及内陆开放高地； [1]  [4]  既以江城、雾都著称，又以山城扬名。');
INSERT INTO `city` VALUES ('19', '绵阳市', '2074.75', '5044', 'https://goss1.vcg.com/creative/vcg/400/version23/VCG21gic18852097.jpg', '13', '3', '绵阳市，隶属于四川省，位于四川盆地西北部，涪江中上游地带。东邻广元市的青川县、剑阁县和南充市的南部县、西充县；南接遂宁市的射洪县；西接德阳市的罗江区、中江县、绵竹市；西北与阿坝藏族羌族自治州和甘肃省的文县接壤。介于北纬30°42′—33°03′、东经103°45′—105°43′之间，总面积20248.4平方千米。');
INSERT INTO `city` VALUES ('20', '咸阳市', '2340.66', '4588', 'https://goss1.vcg.com/creative/vcg/400/version23/VCG21gic18852097.jpg', '14', '3', '咸阳，陕西省地级市，是中国首个封建王朝“大秦帝国”的都城，位于陕西省八百里秦川腹地，渭水穿南，嵕山亘北，山水俱阳，故称咸阳。咸阳东邻省会西安，西接国家级杨凌农业高新技术产业示范区，西北与甘肃接壤。辖2区2市9县，总面积10189.4平方公里(其中644.56平方公里被西安托管 [1-3]  ，亦未包含杨陵区）。2017年末全市常住人口437.60万，中心城区人口91.5万，位居陕西省第三位，仅次于西安、宝鸡。 [4-5]  咸阳是中国甲级对外开放城市、国家级历史文化名城、全国双拥模范城市、国家卫生城市、中国魅力城市、中国地热城、全国十佳宜居城市、首批中国优秀旅游城市、全国精神文明创建工作先进市及中华养生文化名城。');
INSERT INTO `city` VALUES ('21', '兰州市', '2642', '6638', 'https://goss1.vcg.com/creative/vcg/400/version23/VCG21gic18852097.jpg', '15', '2', '兰州，简称“兰”，是甘肃省省会，中国西北地区重要的工业基地和综合交通枢纽，西部地区重要的中心城市之一，西陇海兰新经济带重要支点， [1]  西北地区重要的交通枢纽和物流中心，是新亚欧大陆桥中国段五大中心城市之一，是中国华东、华中地区联系西部地区的桥梁和纽带，西北的交通通信枢纽和科研教育中心，丝绸之路经济带的重要节点城市，也是中国人民解放军西部战区陆军机关驻地。');
INSERT INTO `city` VALUES ('22', '成都市', '13889.39', '5608', 'https://goss1.vcg.com/creative/vcg/400/version23/VCG21gic18852097.jpg', '13', '2', '成都是四川省省会，简称蓉，别称蓉城、锦城，副省级市，特大城市，位于四川盆地西部，成都平原腹地，境内地势平坦、河网纵横、物产丰富、农业发达，属亚热带季风性湿润气候。 [1]  下辖11区、4县，代管5县级市，总面积14335平方千米；2017年常住人口1604.5万人。');
INSERT INTO `city` VALUES ('23', '深圳市', '22438.39', '6833', 'https://goss1.vcg.com/creative/vcg/400/version23/VCG21gic18852097.jpg', '10', '1', '深圳，简称“深”，别称“鹏城”，是中国四大一线城市之一，广东省省辖市、计划单列市、副省级市、国家区域中心城市、超大城市，国务院定位的全国经济中心城市和国际化城市、国家创新型城市、国际科技产业创新中心、全球海洋中心城市、国际性综合交通枢纽，中国三大全国性金融中心之一。');

-- ----------------------------
-- Table structure for `city_type`
-- ----------------------------
DROP TABLE IF EXISTS `city_type`;
CREATE TABLE `city_type` (
  `city_type_id` int(10) unsigned NOT NULL AUTO_INCREMENT,
  `city_type_name` varchar(255) CHARACTER SET utf8 NOT NULL,
  PRIMARY KEY (`city_type_id`)
) ENGINE=InnoDB AUTO_INCREMENT=4 DEFAULT CHARSET=utf8 COLLATE=utf8_bin;

-- ----------------------------
-- Records of city_type
-- ----------------------------
INSERT INTO `city_type` VALUES ('1', '一线');
INSERT INTO `city_type` VALUES ('2', '二线');
INSERT INTO `city_type` VALUES ('3', '其他');

-- ----------------------------
-- Table structure for `collection_article`
-- ----------------------------
DROP TABLE IF EXISTS `collection_article`;
CREATE TABLE `collection_article` (
  `user_id` int(10) unsigned NOT NULL,
  `article_id` int(10) unsigned NOT NULL,
  PRIMARY KEY (`user_id`,`article_id`),
  KEY `collection_article` (`article_id`),
  CONSTRAINT `collec_articles` FOREIGN KEY (`article_id`) REFERENCES `article` (`article_id`) ON DELETE NO ACTION ON UPDATE NO ACTION,
  CONSTRAINT `collec_users` FOREIGN KEY (`user_id`) REFERENCES `user` (`user_id`) ON DELETE NO ACTION ON UPDATE NO ACTION
) ENGINE=InnoDB DEFAULT CHARSET=utf8 COLLATE=utf8_bin;

-- ----------------------------
-- Records of collection_article
-- ----------------------------
INSERT INTO `collection_article` VALUES ('1', '1');
INSERT INTO `collection_article` VALUES ('1', '2');
INSERT INTO `collection_article` VALUES ('2', '2');
INSERT INTO `collection_article` VALUES ('3', '2');
INSERT INTO `collection_article` VALUES ('2', '3');
INSERT INTO `collection_article` VALUES ('3', '3');
INSERT INTO `collection_article` VALUES ('1', '7');
INSERT INTO `collection_article` VALUES ('2', '7');
INSERT INTO `collection_article` VALUES ('1', '12');

-- ----------------------------
-- Table structure for `collection_major`
-- ----------------------------
DROP TABLE IF EXISTS `collection_major`;
CREATE TABLE `collection_major` (
  `major_id` int(10) unsigned NOT NULL,
  `user_id` int(10) unsigned NOT NULL,
  PRIMARY KEY (`major_id`,`user_id`),
  KEY `collection_user3` (`user_id`),
  CONSTRAINT `collec_major` FOREIGN KEY (`major_id`) REFERENCES `major` (`major_id`) ON DELETE NO ACTION ON UPDATE NO ACTION,
  CONSTRAINT `collec_user2` FOREIGN KEY (`user_id`) REFERENCES `user` (`user_id`) ON DELETE NO ACTION ON UPDATE NO ACTION
) ENGINE=InnoDB DEFAULT CHARSET=utf8 COLLATE=utf8_bin;

-- ----------------------------
-- Records of collection_major
-- ----------------------------
INSERT INTO `collection_major` VALUES ('1', '1');
INSERT INTO `collection_major` VALUES ('33', '1');
INSERT INTO `collection_major` VALUES ('3', '2');
INSERT INTO `collection_major` VALUES ('4', '2');
INSERT INTO `collection_major` VALUES ('36', '2');
INSERT INTO `collection_major` VALUES ('4', '3');
INSERT INTO `collection_major` VALUES ('5', '3');

-- ----------------------------
-- Table structure for `collection_question`
-- ----------------------------
DROP TABLE IF EXISTS `collection_question`;
CREATE TABLE `collection_question` (
  `user_id` int(10) unsigned NOT NULL,
  `question_id` int(10) unsigned NOT NULL,
  PRIMARY KEY (`user_id`,`question_id`),
  KEY `collection_question` (`question_id`),
  CONSTRAINT `collec_user3` FOREIGN KEY (`user_id`) REFERENCES `user` (`user_id`) ON DELETE NO ACTION ON UPDATE NO ACTION,
  CONSTRAINT `scquestion` FOREIGN KEY (`question_id`) REFERENCES `question` (`question_id`) ON DELETE NO ACTION ON UPDATE NO ACTION
) ENGINE=InnoDB DEFAULT CHARSET=utf8 COLLATE=utf8_bin ROW_FORMAT=FIXED;

-- ----------------------------
-- Records of collection_question
-- ----------------------------
INSERT INTO `collection_question` VALUES ('1', '1');
INSERT INTO `collection_question` VALUES ('4', '1');
INSERT INTO `collection_question` VALUES ('2', '2');
INSERT INTO `collection_question` VALUES ('3', '3');
INSERT INTO `collection_question` VALUES ('4', '4');
INSERT INTO `collection_question` VALUES ('3', '6');
INSERT INTO `collection_question` VALUES ('4', '6');
INSERT INTO `collection_question` VALUES ('2', '7');

-- ----------------------------
-- Table structure for `collection_school`
-- ----------------------------
DROP TABLE IF EXISTS `collection_school`;
CREATE TABLE `collection_school` (
  `user_id` int(10) unsigned NOT NULL,
  `school_id` int(10) unsigned NOT NULL,
  PRIMARY KEY (`user_id`,`school_id`),
  KEY `collection_schools` (`school_id`),
  CONSTRAINT `collection_schools` FOREIGN KEY (`school_id`) REFERENCES `school` (`school_id`) ON DELETE NO ACTION ON UPDATE NO ACTION,
  CONSTRAINT `collection_users` FOREIGN KEY (`user_id`) REFERENCES `user` (`user_id`) ON DELETE NO ACTION ON UPDATE NO ACTION
) ENGINE=InnoDB DEFAULT CHARSET=utf8 COLLATE=utf8_bin;

-- ----------------------------
-- Records of collection_school
-- ----------------------------
INSERT INTO `collection_school` VALUES ('1', '1');
INSERT INTO `collection_school` VALUES ('2', '1');
INSERT INTO `collection_school` VALUES ('1', '2');
INSERT INTO `collection_school` VALUES ('2', '3');
INSERT INTO `collection_school` VALUES ('2', '16');
INSERT INTO `collection_school` VALUES ('1', '17');

-- ----------------------------
-- Table structure for `comment`
-- ----------------------------
DROP TABLE IF EXISTS `comment`;
CREATE TABLE `comment` (
  `comment_id` int(10) unsigned NOT NULL AUTO_INCREMENT,
  `comment_content` varchar(50) CHARACTER SET utf8 DEFAULT NULL,
  `comment_time` datetime NOT NULL,
  `answer_id` int(10) unsigned NOT NULL DEFAULT '0',
  `user_id` int(10) unsigned NOT NULL,
  `article_id` int(10) unsigned DEFAULT NULL,
  PRIMARY KEY (`comment_id`),
  KEY `comment_answer` (`answer_id`),
  KEY `comment_user` (`user_id`),
  KEY `comment_article` (`article_id`),
  CONSTRAINT `comm_article` FOREIGN KEY (`article_id`) REFERENCES `article` (`article_id`) ON DELETE NO ACTION ON UPDATE NO ACTION,
  CONSTRAINT `comm_users` FOREIGN KEY (`user_id`) REFERENCES `user` (`user_id`) ON DELETE NO ACTION ON UPDATE NO ACTION
) ENGINE=InnoDB AUTO_INCREMENT=18 DEFAULT CHARSET=utf8 COLLATE=utf8_bin;

-- ----------------------------
-- Records of comment
-- ----------------------------
INSERT INTO `comment` VALUES ('1', '真的假的？（评论内容）', '2018-11-28 15:45:15', '1', '1', '2');
INSERT INTO `comment` VALUES ('2', '真的吧', '2018-11-26 17:00:07', '2', '2', '2');
INSERT INTO `comment` VALUES ('3', '恩恩，挺好用的', '2018-12-05 17:00:27', '3', '3', '3');
INSERT INTO `comment` VALUES ('4', '快看哭了', '2012-11-23 23:12:12', '10', '3', '3');
INSERT INTO `comment` VALUES ('5', '感同身受', '2017-12-14 18:38:39', '10', '2', '1');
INSERT INTO `comment` VALUES ('6', '深刻感受到了一个好大学的重要性', '2018-12-10 16:26:13', '7', '1', '8');
INSERT INTO `comment` VALUES ('7', '说得很好', '2013-05-29 05:17:28', '7', '2', '1');
INSERT INTO `comment` VALUES ('8', '加油，认同', '2014-05-19 19:39:19', '5', '1', '7');
INSERT INTO `comment` VALUES ('9', '因人而异吧，学习这种事情，你越会，你就越爱学，越不会，就越爱玩', '2018-03-17 17:20:00', '8', '2', '2');
INSERT INTO `comment` VALUES ('10', '事实如此，很精辟', '2016-09-04 18:32:00', '8', '3', '2');
INSERT INTO `comment` VALUES ('11', 'bdbjshsndjdjdjdjdjd', '2019-05-08 17:13:56', '8', '1', null);
INSERT INTO `comment` VALUES ('12', '莫啥子嘻嘻自摸7米嘻嘻', '2019-05-08 17:20:09', '4', '1', null);
INSERT INTO `comment` VALUES ('13', 'lwqsxlqinjjy江苏卫视咯胡咯就是就是', '2019-05-08 17:20:44', '4', '1', null);
INSERT INTO `comment` VALUES ('14', '高考加油', '2019-06-04 10:13:09', '0', '1', '12');
INSERT INTO `comment` VALUES ('15', '说的很好', '2019-06-04 10:21:20', '0', '1', '3');
INSERT INTO `comment` VALUES ('16', '嗯，很有理', '2019-06-04 10:23:11', '2', '1', null);
INSERT INTO `comment` VALUES ('17', '说得真好啊', '2019-06-10 15:31:47', '18', '1', null);

-- ----------------------------
-- Table structure for `follow`
-- ----------------------------
DROP TABLE IF EXISTS `follow`;
CREATE TABLE `follow` (
  `follow_user_id` int(10) unsigned NOT NULL,
  `followed_user_id` int(10) unsigned NOT NULL,
  PRIMARY KEY (`follow_user_id`,`followed_user_id`),
  KEY `followed_user` (`followed_user_id`),
  CONSTRAINT `followed_users` FOREIGN KEY (`follow_user_id`) REFERENCES `user` (`user_id`) ON DELETE NO ACTION ON UPDATE NO ACTION,
  CONSTRAINT `follow_user` FOREIGN KEY (`followed_user_id`) REFERENCES `user` (`user_id`) ON DELETE NO ACTION ON UPDATE NO ACTION
) ENGINE=InnoDB DEFAULT CHARSET=utf8 COLLATE=utf8_bin;

-- ----------------------------
-- Records of follow
-- ----------------------------
INSERT INTO `follow` VALUES ('2', '1');
INSERT INTO `follow` VALUES ('3', '1');
INSERT INTO `follow` VALUES ('1', '2');
INSERT INTO `follow` VALUES ('1', '3');

-- ----------------------------
-- Table structure for `goods`
-- ----------------------------
DROP TABLE IF EXISTS `goods`;
CREATE TABLE `goods` (
  `goods_id` int(255) NOT NULL AUTO_INCREMENT,
  `goods_name` varchar(255) DEFAULT NULL,
  `goods_img` varchar(255) DEFAULT NULL,
  `goods_price` double(255,0) DEFAULT NULL,
  `goods_link` varchar(255) DEFAULT NULL,
  PRIMARY KEY (`goods_id`)
) ENGINE=InnoDB AUTO_INCREMENT=17 DEFAULT CHARSET=utf8;

-- ----------------------------
-- Records of goods
-- ----------------------------
INSERT INTO `goods` VALUES ('1', '我在清华等你来', 'https://img.alicdn.com/imgextra/i4/2548289425/O1CN01bdHdM22JUhQLcDuq1_!!0-item_pic.jpg_430x430q90.jpg', '40', 'https://detail.tmall.com/item.htm?id=585731825561&ali_trackid=2:mm_18987607_440800099_108543150397:1557282035_267_1005954698&spm=a231o.7712113/g.1004.118&pvid=200_11.24.63.197_362_1557282019744');
INSERT INTO `goods` VALUES ('2', '高考志愿填报指南', 'https://img.alicdn.com/imgextra/i4/2653292637/TB1FT.PerSYBuNjSspfXXcZCpXa_!!0-item_pic.jpg_430x430q90.jpg', '59', 'https://detail.tmall.com/item.htm?id=566352519969&ali_trackid=2:mm_18987607_440800099_108543150397:1557282130_204_1510091423&spm=a231o.7712113/g.1004.455&pvid=200_11.24.63.197_362_1557282019744');
INSERT INTO `goods` VALUES ('3', '看就业 选专业:报好高考志愿 2018年版', 'https://img.alicdn.com/imgextra/i2/1624826013/TB12SyadGAoBKNjSZSyXXaHAVXa_!!0-item_pic.jpg_430x430q90.jpg', '97', 'https://detail.tmall.com/item.htm?id=542503856497&ali_trackid=2:mm_18987607_440800099_108543150397:1557282201_222_167147793&spm=a231o.7712113/g.1004.349&pvid=200_11.24.63.197_362_1557282019744');
INSERT INTO `goods` VALUES ('4', '后高考生活指南', 'https://img.alicdn.com/imgextra/i3/3065172584/TB2EjKNcSzqK1RjSZPcXXbTepXa_!!3065172584-0-item_pic.jpg_430x430q90.jpg', '31', 'https://detail.tmall.com/item.htm?id=578125374108&ali_trackid=2:mm_18987607_440800099_108543150397:1557282279_267_1966877035&spm=a231o.7712113/g.1004.135&pvid=200_11.24.63.197_362_1557282019744');
INSERT INTO `goods` VALUES ('5', '留学生 ', 'https://img.alicdn.com/imgextra/i2/717846490/O1CN011xoSvq3UO6Dvye9_!!717846490-0-item_pic.jpg_430x430q90.jpg', '28', 'https://detail.tmall.com/item.htm?id=566019218789&ali_trackid=2:mm_18987607_440800099_108543150397:1557282369_292_927529167&spm=a231o.7712113/g.1004.379&pvid=200_11.24.63.197_362_1557282019744');
INSERT INTO `goods` VALUES ('6', '大学城第二版', 'https://gaitaobao2.alicdn.com/tfscom/i3/2761921722/TB1EaSivXGWBuNjy0FbXXb4sXXa_!!0-item_pic.jpg_240x240xz.jpg_.webp', '32', 'https://detail.tmall.com/item.htm?id=567346848080&ali_trackid=2:mm_18987607_440800099_108543150397:1557282434_265_1493087825&spm=a231o.7712113/g.1004.494&pvid=200_11.24.63.197_362_1557282019744');
INSERT INTO `goods` VALUES ('7', '019高考志愿填报指南挑大学选专业', 'https://img.alicdn.com/imgextra/i3/693939430/O1CN01wYOGSC2JWzQ1aJu8s_!!0-item_pic.jpg_430x430q90.jpg', '100', 'https://detail.tmall.com/item.htm?id=528324477071&ali_trackid=2:mm_18987607_440800099_108543150397:1557282511_250_2077431309&spm=a231o.7712113/g.1004.51&pvid=200_11.24.63.197_362_1557282019744');
INSERT INTO `goods` VALUES ('8', '求学理科版', 'https://img.alicdn.com/imgextra/i1/727242717/O1CN010sX6tu1VwQdNrUpRw_!!0-item_pic.jpg_430x430q90.jpg', '50', 'https://detail.tmall.com/item.htm?id=563411894826&ali_trackid=2:mm_18987607_440800099_108543150397:1557282568_293_679976693&spm=a231o.7712113/g.1004.163&pvid=200_11.24.63.197_362_1557282019744');
INSERT INTO `goods` VALUES ('9', '2019年专业选报特刊', 'https://img.alicdn.com/imgextra/i4/727242717/O1CN01rgCNMN1VwQd8ZQOrz_!!0-item_pic.jpg_430x430q90.jpg', '48', 'https://detail.tmall.com/item.htm?id=581727390730&ali_trackid=2:mm_18987607_440800099_108543150397:1557282617_201_695242252&spm=a231o.7712113/g.1004.274&pvid=200_11.24.63.197_362_1557282019744');
INSERT INTO `goods` VALUES ('10', '大学城【图文游记版】', 'https://img.alicdn.com/imgextra/i4/717846490/TB2oWlSGDJYBeNjy1zeXXahzVXa_!!717846490-2-item_pic.png_60x60q90.jpg', '32', 'https://detail.tmall.com/item.htm?id=574072917043&ali_trackid=2:mm_18987607_440800099_108543150397:1557282682_290_2136383722&spm=a231o.7712113/g.1004.399&pvid=200_11.24.63.197_362_1557282019744');
INSERT INTO `goods` VALUES ('11', '名师张雪峰手把手教你填报高考志愿', 'https://img.alicdn.com/imgextra/i3/1961939153/O1CN01Ksz7zc2HU7iD7aCD4_!!0-item_pic.jpg_430x430q90.jpg', '30', 'https://detail.tmall.com/item.htm?id=568848504326&ali_trackid=2:mm_18987607_440800099_108543150397:1557282827_235_2077232099&spm=a231o.7712113/g.1004.71&pvid=200_11.24.63.197_362_1557282019744');
INSERT INTO `goods` VALUES ('12', '专业选报特刊', 'https://img.alicdn.com/imgextra/i1/727242717/O1CN016HQ0qy1VwQdHDeWty_!!0-item_pic.jpg_430x430q90.jpg', '76', 'https://detail.tmall.com/item.htm?id=578399156544&ali_trackid=2:mm_18987607_440800099_108543150397:1557282887_291_116534273&spm=a231o.7712113/g.1004.523&pvid=200_11.24.63.197_362_1557282019744');
INSERT INTO `goods` VALUES ('13', '大学专业解读', 'https://gaitaobao3.alicdn.com/tfscom/i3/1962105374/O1CN01jnzTV81pZKxddwBV8_!!0-item_pic.jpg_240x240xz.jpg_.webp', '41', 'https://detail.tmall.com/item.htm?id=588766871202&ali_trackid=2:mm_18987607_440800099_108543150397:1557282938_250_883779668&spm=a231o.7712113/g.1004.80&pvid=200_11.24.63.197_362_1557282019744');
INSERT INTO `goods` VALUES ('14', '高校简介及录取分数线速查', 'https://img.alicdn.com/imgextra/i4/859515618/O1CN01rqPbTc1rN5bauJhE9_!!0-item_pic.jpg_60x60q90.jpg', '88', 'https://detail.tmall.com/item.htm?id=586455648231&ali_trackid=2:mm_18987607_440800099_108543150397:1557283149_127_1263548026&spm=a231o.7712113/g.1004.192&pvid=200_11.24.63.197_362_1557282019744');
INSERT INTO `goods` VALUES ('15', '2019高考志愿填报指南中国大学专业详解', 'https://gaitaobao3.alicdn.com/tfscom/i1/3191675493/O1CN01QwOU8I1qRq5CYb6Uw_!!0-item_pic.jpg_240x240xz.jpg_.webp', '80', 'https://detail.tmall.com/item.htm?id=586270134917&ali_trackid=2:mm_18987607_440800099_108543150397:1557283260_126_1217907905&spm=a2e2e.10720394/c.90200100.1.3461704clf0Yl4');
INSERT INTO `goods` VALUES ('16', '大学排名与高考志愿指南2019-2020 ', 'https://img.alicdn.com/imgextra/i1/2457640190/O1CN01NHquCK1DH3mG94K5P_!!0-item_pic.jpg_430x430q90.jpg', '42', 'https://detail.tmall.com/item.htm?id=572414736911&ali_trackid=2:mm_18987607_440800099_108543150397:1557283332_152_335639618&spm=a231o.7712113/g.1004.552&pvid=200_11.24.63.197_362_1557282019744');

-- ----------------------------
-- Table structure for `major`
-- ----------------------------
DROP TABLE IF EXISTS `major`;
CREATE TABLE `major` (
  `major_id` int(10) unsigned NOT NULL AUTO_INCREMENT,
  `major_name` varchar(20) CHARACTER SET utf8 NOT NULL,
  `major_workPercent` double(6,2) DEFAULT NULL,
  `major_salary` int(11) DEFAULT NULL,
  `major_type_id` int(11) unsigned NOT NULL,
  `major_want` int(11) DEFAULT NULL,
  `major_need` int(11) DEFAULT NULL,
  `major_study` double DEFAULT NULL,
  `major_go` double DEFAULT NULL,
  `major_introduce` varchar(200) CHARACTER SET utf8 DEFAULT NULL,
  `major_subject` varchar(200) CHARACTER SET utf8 DEFAULT NULL,
  `major_work` varchar(200) CHARACTER SET utf8 DEFAULT NULL,
  PRIMARY KEY (`major_id`),
  KEY `majorstype` (`major_type_id`)
) ENGINE=InnoDB AUTO_INCREMENT=39 DEFAULT CHARSET=utf8 COLLATE=utf8_bin;

-- ----------------------------
-- Records of major
-- ----------------------------
INSERT INTO `major` VALUES ('1', '软件工程', '96.71', '9001', '8', '20976', '177', '60', '87', '软件工程是一门研究用工程化方法构建和维护有效的、实用的和高质量的软件的学科。', '操作系统，数据结构，离散数学，面向对象程序设计，网络原理，计算机组成原理', '各行各业，比如工业，农业，银行，航空，政府部门等');
INSERT INTO `major` VALUES ('2', '材料物理', '96.20', '8862', '8', '20482', '66', '60', '85', '材料物理专业培养较系统地掌握材料科学的基本理论与技术，具备材料物理相关的基本知识和基本技能，能在材料科学与工程及与其相关的领域从事研究、教学、科技开发及相关管理工作的材料物理高级专门人才。', '基础物理，近代物理', '适宜到材料相关的企业、事业、技术和行政管理部门从事应用研究、科技开发、生产技术和管理工作，适宜到科研机构、高等学校从事科学研究和教学工作。\r\n');
INSERT INTO `major` VALUES ('3', '汽车类综合', '95.68', '8786', '8', '21946', '49', '50', '70', '该专业针对汽车后服务市场中美容装潢需求，根据市场上最新的汽车美容装潢工艺流程相结合教学。', '电工技术基础、机械制图与计算机绘图、汽车机械基础、汽车构造、汽车营销基础、汽车营销实务、汽车电气设备、汽车故障检测技术', '汽车制造、售后服务、车辆管理、汽车检测、汽车维修等');
INSERT INTO `major` VALUES ('4', '应用化学', '94.77', '8650', '7', '14507', '118', '70', '60', '该专业培养具备化学方面的基础知识、基本理论、基本技能以及相关的工程技术知识和较强的实验技能，具有化学基础研究和应用基础研究方面的科学思维和科学实验训练，能在科研机构、高等学校及企事业单位等从事科学研究、教学工作及管理工作的高级专门人才。', '无机化学、分析化学、有机化学、物理化学、仪器分析、结构化学基础、精细有机品化学、高分子化学、波谱分析、应用电化学', '在化工、炼油、冶金、能源、轻工、医药、环保和军工等部门从事工程设计、技术开发、生产技术管理和科学研究等方面工作');
INSERT INTO `major` VALUES ('5', '生物科学', '94.26', '8622', '7', '21214', '116', '70', '83', '该专业主要培养学生学习生物科学技术方面的基本理论、基本知识，学生将受到应用基础研究和技术开发方面的科学思维和科学实验训练，进而具有较好的科学素养及初步的教学、研究、开发与管理的基本能力。', '动物生物学、植物生物学、微生物学、生物化学、遗传学、细胞生物学、分子生物学、普通生态学、植物生理学、人体解剖学等', '主要在科研机构、高等院校以及国家机关等部门从事科研、教学和高级管理工作。');
INSERT INTO `major` VALUES ('6', '金融学', '72.30', '8006', '2', '4031', '253', '83.3', '60.2', '该专业是从经济学中分化出来的应用经济学科，是以融通货币和货币资金的经济活动为研究对象，具体研究个人、机构、政府如何获取、支出以及管理资金以及其他金融资产的学科。', '政治经济学、西方经济学、财政学、国际经济学、货币银行学、国际金融管理、证券投资学、保险学、商业银行业务管理、中央银行业务', '主要的就业方向是银行、保险公司、证券公司、投资公司等金融机构。');
INSERT INTO `major` VALUES ('7', '经济学', '91.74', '8000', '2', '3861', '276', '70', '67', '经济学专业是(包括经济学方向和投资经济方向)为适应我国市场经济发展需要而设立的一个理论兼应用型本科专业。', '政治经济学，资本论，国际经济学，货币银行学，财政学，市场营销，国际金融，企业管理', '主要在综合经济管理部门、政策研究部门、金融机构和企业等，从事经济分析、预测、市场营销和经济管理工作');
INSERT INTO `major` VALUES ('8', '财政学', '92.15', '8000', '2', '55569', '216', '80', '87', '财政学专业属于应用经济学科，它主要研究政府部门在资金筹集和使用方面的理论、制度和管理方法，同时也研究企业在生产经营过程中的税收问题。', '政治经济学、西方经济学、货币银行学、国际经济学、财政学、国家预算、税收管理、国际税收、国有资产管理等。', '对外贸易，税务筹划，公务员等');
INSERT INTO `major` VALUES ('9', '哲学', '90.34', '6784', '1', '41214', '437', '70', '88.5', '哲学专业是培养具有一定马克思主义哲学理论素养和系统的专业基础知识，能运用科学的世界观和方法论分析当代世界与中国的现实问题的应用型、复合型高级专门人才的学科。', '哲学概论、马克思主义哲学原理、中国哲学史、西方哲学史、科学技术哲学、伦理学、宗教学、美学、逻辑学、人类学、心理学', '可在国家机关、文教事业、新闻媒体、公司企业等部门从事行政、宣传、管理、教学、科研工作');
INSERT INTO `major` VALUES ('10', '逻辑学', '89.99', '5678', '1', '21240', '197', '60', '58.7', '本专业以逻辑学为核心，横跨多学科，培养文理交叉、理论与应用相结合的复合型高级人才。', '哲学概论、马克思主义哲学、西方哲学、中国哲学、逻辑学导论、科学哲学导论、伦理学导论、宗教学导论、美学导论、数理逻辑', '可在高等院校、科研单位、国家机关及企事业管理部门从事逻辑学的教学、科研和应用方面的工作，从事计算机科学和语言学的科研和应用方面相关工作。');
INSERT INTO `major` VALUES ('11', '宗教学', '90.34', '6867', '1', '12710', '145', '80', '90.2', '宗教学专业学生主要学习宗教学的基本理论，较全面地了解世界各大宗教的历史与现状，以及我国的宗教法规和政策，受到独立思考、分析问题、社会调研等方面的基本训练。', '马克思主义哲学原理、中国哲学史、西方哲学史、宗教学导论、佛教、道教、伊斯兰教、基督教、宗教社会学、、宗教伦理学', '咨询/顾问，行政/后勤，学术科研，教育培训，人事');
INSERT INTO `major` VALUES ('12', '社会学', '80.34', '5678', '3', '13567', '87', '70', '84.3', '社会学是一门分析各种社会现象，研究社会中人的行为，探求如何解决社会问题的学科，研究领域涉及到我们身边的家庭、学校、企业到国家乃至国际社会。', '社会学，法学', '可在教育、科研机构、党政机关、新闻出版、企事业单位、社会团体从事社会研究与调查，政策研究与评估、社会规划与管理、发展研究与预测等');
INSERT INTO `major` VALUES ('13', '社会工作', '82.56', '5688', '3', '17024', '59', '67.7', '67', '社会工作专业是政府为主体，社会力量广泛参与的，以社会工作、社会学、心理学等为主干学科基础，物业管理、医学、法学等为辅助学科，以助人自助为核心理念，以个案工作、小组工作、社区工作为直接工作方法的学科。', '社会学概论、社会工作概论、社会统计学 、社会调查研究方法', '民政、妇联、慈善机构、社会团体机构、社区服务机构、街道办事处、专业社工机构等');
INSERT INTO `major` VALUES ('14', '政治学与行政学', '83.21', '7894', '3', '2348', '85', '78.2', '79.1', '政治学与行政学专业培养具有一定马克思主义理论素养和政治学、行政学方面的基本理论和专门知识，能在党政机关、新闻出版机构、企事业和社会团体等单位从事教学科研、行政管理等方面工作的政治学和行政学高级专门人才。', '政治学', '毕业生可以到党政机关、社会团体、新闻出版机构、教育及其他企事业单位从事科研、教学、行政管理以及其他有关专门业务工作。');
INSERT INTO `major` VALUES ('15', '教育学', '90.60', '7674', '4', '2884', '187', '67.8', '77.4', '教育学是研究教育现象和教育问题、解释教育规律的科学。', '教育学，心理学', '各行各业，包括各类院校、学院，社区服务社，咨询组织，文化组织，还包括司法系统、国家级协会、委员会、研究与开发中心，政府教育部，甚至是金融机构和传媒行业');
INSERT INTO `major` VALUES ('16', '学前教育', '90.87', '5674', '4', '21369', '152', '89.9', '68', '学前教育专业培养具备学前教育专业知识，能在托幼机构从事保教和研究工作的教师学前教育行政人员以及其他有关机构的教学、研究人才。', '、教育社会学、教育统计与测量、幼儿心理、学前儿童认知发展、幼儿卫生与保健、幼儿游戏理论、环境与儿童健康、家庭教育', '在各级各类学前教育机构，如幼儿园、托儿所、亲子园等单位任幼儿教学工作');
INSERT INTO `major` VALUES ('17', '特殊教育', '92.56', '5644', '4', '21115', '82', '80', '68', '特殊教育专业培养具备普通教育和特殊教育的知识和能力，主要能在特殊教育机构及与特殊教育相关的机构从事特殊教育实践、理论研究、管理工作等方面的高级专门人才。', '特殊教育学、特殊儿童评估、特殊儿童病理学、教育听力学、特殊儿童早期干预、特殊学校教材教法、残疾儿童康复教育、心理测量', '可以到各种特殊教育学校以及与特殊教育相关的机构从事特殊教育实践、理论研究、管理等工作');
INSERT INTO `major` VALUES ('18', '中国少数民族语言文学', '93.35', '5409', '5', '3337', '29', '78.5', '57', '中国少数民族语言文学专业培养具备有关少数民族语言文学全面系统知识，能在少数民族教育文化部门及相关单位从事有关少数民族语、文字、文学、文献的教学、研究、编辑、翻译、新闻、文学创作等方面工作的少数民族语言文学高级专门人才。', '中国语言文学', '主要到少数民族教育文化部门及相关单位从事有关少数民族语言文字、文学、文献的教学、研究、编辑、翻译、新闻、文学创作等方面工作。');
INSERT INTO `major` VALUES ('19', '古典文献', '80.43', '4590', '5', '21087', '55', '67', '69', '古典文献专业培养具备中国古籍整理与古典文献学全面系统知识，能在教育、文化、出版部门，从事古籍整理、传统文化方面的实际工作、古典文献教学与研究工作的文献学高级专门人才。', '中国语言文学', '主要到新闻文艺出版部门、高校、科研机构和机关企业事业单位从事文学评论、汉语言文学教学与研究工作，以及文化、宣传方面的实际工作。');
INSERT INTO `major` VALUES ('20', '外语', '94.21', '7806', '5', '20582', '4', '76', '67.7', '英语专业是培养具有扎实的英语语言基础和比较广泛的科学文化知识，能在外事、经贸、文化、新闻出版、教育、科研、旅游等部门从事翻译、研究、教学、管理工作的英语高级专门人才的学科。', '精读,泛读，听力，口语，写作，翻译等', '适合于外经贸各部委、贸易公司、涉外机构、外商投资企业、跨国公司、金融国贸等单位的文秘、翻译、业务人员或行政管理人员等工作');
INSERT INTO `major` VALUES ('21', '历史学', '90.82', '7857', '6', '21312', '143', '68', '87.5', '历史学专业培养具有一定的马克思主义基本理论素养和系统的专业基本知识，有进一步培养潜能的史学专门人才，以及能在国家机关、文教事业、新闻出版、文博档案及各类介事业单位从事实际工作的应用型、复合型高级专门人才。', '中国通史、世界通史，史学理论、中国史学史、西方史学史、考古学通论、中外关系史、文化人类学、历史地理学、文献学、古代汉语', '就业方向相当广泛，毕业生可适应策划、咨询、管理和教学、研究等方面工作对高层次人才的需求。');
INSERT INTO `major` VALUES ('22', '考古学', '76.32', '5674', '6', '27474', '109', '78', '82', '考古学是历史科学的重要组成部分，属于人文学科。简单地说，考古学就是根据古代人类遗留下来的实物，研究古代社会历史的科学。', '中国通史、世界上古史、中国考古学史、考古学导论、旧石器时代考古、新石器时代考古、夏商周考古、战国秦汉考古、三国两晋南北朝考古、隋唐考古、宋元明考古、田野考古等。', '可以应聘到大学或科研单位从事教学或科学研究工作，也可以到博物馆、拍卖行、文物商店或海关，从事文物保护、古玩鉴定以及拍卖等工作');
INSERT INTO `major` VALUES ('23', '博物馆学', '70.98', '5643', '6', '21119', '66', '79', '81', '博物馆学专业是研究涉及博物馆物品的陈列等诸多问题的专业。', '博物馆学概论、博物馆陈列设计、博物馆藏品管理、博物馆经营管理、物质文化史、文化人类学、文物学概论、文物管理与法规、中国历史地理、古代工艺美术等', '可以到博物馆做史料研究，还可以在政府机关，当然是涉及到文化这一部分的企事业单位工作，还可以到高等学校、专科学校担任教师和科研工作');
INSERT INTO `major` VALUES ('24', '园艺', '93.37', '5678', '9', '14223', '56', '86.5', '81.5', '园艺专业培养具备生物学和园艺学的基本理论、基本知识和基本技能，能在农业、商贸、园林管理等领域和部门从事与园艺科学有关的技术与设计、推广与开发、经营与管理、教学与科研等工作的高级科学技术人才。', '植物学、生物化学、植物生理学、植物生理与生物化学、应用概率统计、遗传学、土壤学、农业生态学、园艺植物育种学、园艺植物栽培学', '可在政府行政管理部门和事业单位、园艺和园林企业、高等院校、科研部门从事观赏园艺相关的行政管理、技术推广、设计与技术研发、经营与管理、教学和科研等工作');
INSERT INTO `major` VALUES ('25', '植物保护', '76.34', '3457', '9', '20599', '11', '67.4', '77', '植物保护专业培养具备植物保护科学基本知识和基本技能，从事植物病虫、杂草、鸟兽害的预测预报和防治的高级技术应用性专门人才。', '普通植物病理学、普通昆虫学、农业植物病理学、农业昆虫学、植物化学保护。', '就业于各级农业、林业部门；进出口检疫检验部门；海关部门；食品药品安全监管部门；农药生产企业；各级基层农场、林场、森林公园等。');
INSERT INTO `major` VALUES ('26', '茶学', '87.54', '3464', '9', '6249', '32', '66.6', '76', '茶学研究的内容，从大的方面来划分，可以划分作两大部分：茶科学和茶文化学。该专业的培养目标是重点培养具备农业生物科学、食品科学和茶学等方面的基本理论、基本知识和基本技能，能在农业、工业、商贸等领域或部门从事与茶学有关的技术与设计、推广与开发、经营与管理、教学与科研等工作的高级科学技术人才。', '植物生理与生物化学、应用概率统计、遗传学、土壤学、农业生态学、茶树栽培与育种学、茶叶生物化学、茶叶机械、茶叶加工学、茶叶审评与检验、经济管理与营销。', '可在农业、工业、商贸等领域或部门从事与茶学有关的技术与设计、推广与开发、经营与管理、教学与科研等工作。');
INSERT INTO `major` VALUES ('27', '预防医学', '94.26', '7654', '10', '19058', '48', '70.5', '78', '预防医学是从医学科学体系中分化出来的，它是研究预防和消灭病害，讲究卫生，增强体质，改善和创造有利于健康的生产环境和生活条件的科学。', '基础医学、预防医学', '预防医学专业就业领域很广，涉及医学和非医学领域的各相关专业。');
INSERT INTO `major` VALUES ('28', '临床医学', '91.46', '6534', '10', '214228', '262', '79.6', '67', '临床医学专业是一门实践性很强的应用科学专业，致力于培养具备基础医学、临床医学的基本理论和医疗预防的基本技能；能在医疗卫生单位、医学科研等部门从事医疗及预防、医学科研等方面工作的医学高级专门人才。', '人体解剖学、组织学与胚胎学、生物化学、神经生物学、生理学、医学微生物学、医学免疫学、病理学、药理学、人体形态学实验、医学生物学实验', '毕业后可以在医疗卫生机构从事临床各科的医疗、预防工作及医学教学和研究工作。');
INSERT INTO `major` VALUES ('29', '医学影像学', '97.85', '6543', '10', '70510', '131', '65.8', '65.3', '该专业培养具有基础医学、临床医学和现代医学影像学的基本理论知识及能力，能在医疗卫生单位从事医学影像诊断、介入放射学和医学成像技术等方面工作的医学高级专门人才。', '基础医学、临床医学、医学影像学。', '可在各类医疗机构、防疫机构、医学科研部门、血站等单位，从事临床影像技术、功能检查等技术工作，也可到医疗设备公司工作。');
INSERT INTO `major` VALUES ('30', '武器系统与发射工程', '78.05', '7896', '11', '4514', '28', '68.9', '65.3', '本专业培养具备武器系统总体和战斗载荷发射技术以及机械工程和自动化等方面的基础理论知识和工程实践能力，能在有关科研单位、高等学校、生产企业和管理部门从事系统设计、技术开发、产品制造、实验测试和科技管理方面工作的高级工程技术人才。', '兵器发射理论与技术，工程力学，机械工程', '可在兵器科学研究院等科研院所工作，在部队工作，进行武器的研究和制造，从事尖端武器的研究或管理工作。');
INSERT INTO `major` VALUES ('31', '弹药工程与爆炸技术', '80.72', '7645', '11', '3499', '16', '60.5', '65.8', '培养具备弹药战斗与爆炸技术以及在民用机械工程和工程爆破等方面的基础理论知识和工程实践能力，能在有关科研单位、高等学校、生产企业和管理部门从事系统设计、技术开发、产品制造、实验测试和科技管理方面工作的高级工程技术人才。', '工程制图、理论力学、材料力学、电工与电子技术、弹道学、弹药学、机械设计基础、计算机应用技术', '毕业生可在相关企事业单位从事弹药工程、爆炸与爆破技术等方面的系统设计、技术开发、产品制造、实验测试、技术管理、科研等工作。');
INSERT INTO `major` VALUES ('32', '地面武器机动工程', '79.34', '6756', '11', '20581', '4', '87.5', '67.5', '本专业培养具备坦克、装甲车辆、后勤保障车辆和自行火炮为主的地面攻防一体化作战平台及其机动系统等方面的基础理论知识和工程实践能力，能在有关科研单位、高等学校、生产企业和管理部门从事系统设计、技术开发、产品制造、实验测试和科技管理方面工作的高级工程技术人才。', '力学、机械工程、控制科学与工程', '可在国防工业所属的军工企业、科研院所或其他工业部门从事机动武器作战平台、车辆的设计、制造、试验，也可从事普通机械的设计和制造等工作。');
INSERT INTO `major` VALUES ('33', '信息管理与信息系统', '92.54', '6786', '12', '20731', '87', '88', '77', '该专业培养具有一定的信息系统和信息资源开发利用实践和研究能力，能够在国家政府部门、企事业单位、科研机构等组织从事信息系统建设与信息管理的复合型高级专门人才。', '管理信息系统、信息资源管理、经济学原理、运筹学、信息系统开发与管理、生产运作与管理、ERP、计算机网络、电子商务等', '党政军机关以及各种企事业单位和金融机构的信息中心、网络管理中心；计算机网络企业、软件企业；各类信息资源开发及咨询机构；相关高等专业教育和科研单位');
INSERT INTO `major` VALUES ('34', '工业工程', '95.68', '7865', '12', '10558', '31', '82', '66', '该专业培养具备现代工业工程和系统管理等方面的知识、素质和能力，能在商企业从事生产、经营、服务等管理系统的规划、设计、评价和创新工作的高级专门人才。', '管理学、运筹学、统计、人因工程、机械工程等', '毕业后可在工程、管理、科研和咨询等领域获得广阔的就业机会，能在制作业、服务业、公共事业、科研院所、政府部门和事业单位从事教学、科研、管理及设计开发工作。');
INSERT INTO `major` VALUES ('35', '工程管理', '94.78', '8764', '12', '24224', '84', '73', '67.4', '工程管理专业是新兴的工程技术与管理交叉复合性学科。该专业培养具备管理学、经济学、信息工程、土木工程等技术的基本知识，掌握现代管理科学的理论、方法和手段的复合型高级管理人才。', '管理学、土木工程（或水利工程等）\r\n管理学、土木工程（或水利工程等）\r\n管理学、土木工程', '工程管理业的就业领域涉及建筑工程、工程施工和控制管理、房地产经营以及金融、宾馆、贸易等行业部门的管理工作。');
INSERT INTO `major` VALUES ('36', '美术学', '88.24', '5674', '13', '9897', '112', '84', '67.4', '美术学专业为美术史论、美术教育领域培养教学和科研、美术评论和编辑、艺术管理和博物馆等方面的高级专门人才', '艺术学、教育学', '毕业后能从事美术教育、美术研究、文博艺术管理、新闻出版等方面的工作');
INSERT INTO `major` VALUES ('37', '艺术设计学', '91.72', '6546', '13', '32521', '91', '65', '83.1', '艺术设计学专业培养具备艺术设计学教学和研究等方面的知识和能力，能在艺术设计教育、研究、设计、出版和文博等单位从事艺术设计学教学、研究、编辑等方面工作的专门人才。', '艺术学、历史学、哲学', '广告策划与设计企业、印刷包装企业设计部门、出版社与媒体设计部门从事艺术设计或策划工作。');
INSERT INTO `major` VALUES ('38', '舞蹈学', '93.72', '6754', '13', '3948', '35', '69', '82.5', '舞蹈学专业培养具备能从事中外舞蹈史、舞蹈理论的研究、舞蹈教学以及编辑等工作的高等专门人才。本专业培养能在学校、艺术团体、艺术（文化）馆，青少年宫等单位从事朝鲜民族舞蹈、中国民间舞、芭蕾舞的教学、创作、辅导工作的德、智、体全面发展的高级朝鲜民族舞蹈艺术人才和“复合型”专门应用人才。', '艺术学、教育学', '可在文艺演出团体、少年宫、文化宫、群艺馆、艺术院校、中小学、大众事业单位宣传机构从事舞蹈教师、舞蹈指导、艺术体操教练、舞蹈演员等工作。');

-- ----------------------------
-- Table structure for `major_type`
-- ----------------------------
DROP TABLE IF EXISTS `major_type`;
CREATE TABLE `major_type` (
  `major_type_name` varchar(10) CHARACTER SET utf8 NOT NULL,
  `major_type_id` int(10) unsigned NOT NULL AUTO_INCREMENT,
  PRIMARY KEY (`major_type_id`)
) ENGINE=InnoDB AUTO_INCREMENT=14 DEFAULT CHARSET=utf8 COLLATE=utf8_bin;

-- ----------------------------
-- Records of major_type
-- ----------------------------
INSERT INTO `major_type` VALUES ('哲学', '1');
INSERT INTO `major_type` VALUES ('经济学', '2');
INSERT INTO `major_type` VALUES ('法学', '3');
INSERT INTO `major_type` VALUES ('教育学', '4');
INSERT INTO `major_type` VALUES ('文学', '5');
INSERT INTO `major_type` VALUES ('历史学', '6');
INSERT INTO `major_type` VALUES ('理学', '7');
INSERT INTO `major_type` VALUES ('工学', '8');
INSERT INTO `major_type` VALUES ('农学', '9');
INSERT INTO `major_type` VALUES ('医学', '10');
INSERT INTO `major_type` VALUES ('军事学', '11');
INSERT INTO `major_type` VALUES ('管理学', '12');
INSERT INTO `major_type` VALUES ('艺术学', '13');

-- ----------------------------
-- Table structure for `manager`
-- ----------------------------
DROP TABLE IF EXISTS `manager`;
CREATE TABLE `manager` (
  `manager_id` int(255) NOT NULL AUTO_INCREMENT,
  `manager_name` varchar(255) DEFAULT NULL,
  `manager_password` varchar(255) DEFAULT NULL,
  `manager_email` varchar(255) DEFAULT NULL,
  `manager_tel` varchar(255) DEFAULT NULL,
  `manager_img` varchar(255) DEFAULT NULL,
  PRIMARY KEY (`manager_id`)
) ENGINE=InnoDB AUTO_INCREMENT=3 DEFAULT CHARSET=utf8;

-- ----------------------------
-- Records of manager
-- ----------------------------
INSERT INTO `manager` VALUES ('1', 'manager1', '111', '1234567890@qq.com', '11223344556', 'https://ss0.bdstatic.com/94oJfD_bAAcT8t7mm9GUKT-xh_/timg?image&quality=100&size=b4000_4000&sec=1557281691&di=66047ea8e4be27264476bb44a4f9dccb&src=http://img4.duitang.com/uploads/item/201404/19/20140419213843_CYkKk.thumb.700_0.jpeg');
INSERT INTO `manager` VALUES ('2', 'manager2', '22', '1234567890@163.com', '66778899001', 'https://timgsa.baidu.com/timg?image&quality=80&size=b9999_10000&sec=1557291752911&di=904f875ecb720ed565f14be8095ed731&imgtype=0&src=http%3A%2F%2Fb-ssl.duitang.com%2Fuploads%2Fitem%2F201801%2F29%2F20180129202647_fikrd.jpg');

-- ----------------------------
-- Table structure for `need_student`
-- ----------------------------
DROP TABLE IF EXISTS `need_student`;
CREATE TABLE `need_student` (
  `school_id` int(10) unsigned NOT NULL,
  `province_id` int(10) unsigned NOT NULL,
  `time_id` int(10) unsigned NOT NULL,
  `low_grade` varchar(255) CHARACTER SET utf8 DEFAULT NULL,
  `low_rank` int(255) DEFAULT NULL,
  `need_student` varchar(255) CHARACTER SET utf8 DEFAULT NULL,
  PRIMARY KEY (`school_id`,`province_id`,`time_id`),
  KEY `provincee_id` (`province_id`),
  KEY `timee_id` (`time_id`),
  CONSTRAINT `time_id` FOREIGN KEY (`time_id`) REFERENCES `time` (`time_id`) ON DELETE CASCADE ON UPDATE CASCADE
) ENGINE=InnoDB DEFAULT CHARSET=utf8 COLLATE=utf8_bin;

-- ----------------------------
-- Records of need_student
-- ----------------------------
INSERT INTO `need_student` VALUES ('1', '1', '1', '670', '4000', '5000');
INSERT INTO `need_student` VALUES ('2', '1', '1', '673', '3400', '5000');
INSERT INTO `need_student` VALUES ('3', '7', '1', '560', '45000', '7000');
INSERT INTO `need_student` VALUES ('3', '7', '3', '551', '48000', '7800');
INSERT INTO `need_student` VALUES ('4', '1', '1', '595', '4104', '41');
INSERT INTO `need_student` VALUES ('4', '2', '1', '582', '5236', '39');
INSERT INTO `need_student` VALUES ('4', '3', '1', '614', '252', '54');
INSERT INTO `need_student` VALUES ('7', '7', '1', '550', '48000', '6000');
INSERT INTO `need_student` VALUES ('7', '7', '2', '545', '48006', '6007');
INSERT INTO `need_student` VALUES ('8', '1', '1', '455', '32382', '30');
INSERT INTO `need_student` VALUES ('8', '2', '1', '507', '16012', '41');
INSERT INTO `need_student` VALUES ('8', '3', '1', '480', '15851', '49');
INSERT INTO `need_student` VALUES ('11', '1', '1', '489', '23244', '54');
INSERT INTO `need_student` VALUES ('11', '2', '1', '534', '11407', '23');
INSERT INTO `need_student` VALUES ('11', '3', '1', '521', '7986', '34');
INSERT INTO `need_student` VALUES ('15', '1', '1', '673', '105', '27');
INSERT INTO `need_student` VALUES ('15', '2', '1', '681', '102', '53');
INSERT INTO `need_student` VALUES ('15', '3', '1', '675', '10', '56');
INSERT INTO `need_student` VALUES ('17', '1', '1', '656', '354', '91');
INSERT INTO `need_student` VALUES ('17', '2', '1', '660', '428', '84');
INSERT INTO `need_student` VALUES ('17', '3', '1', '664', '10', '99');
INSERT INTO `need_student` VALUES ('18', '1', '1', '638', '935', '23');
INSERT INTO `need_student` VALUES ('18', '2', '1', '639', '1092', '22');
INSERT INTO `need_student` VALUES ('18', '3', '1', '652', '10', '21');
INSERT INTO `need_student` VALUES ('19', '1', '1', '609', '2797', '62');
INSERT INTO `need_student` VALUES ('19', '2', '1', '601', '3475', '55');
INSERT INTO `need_student` VALUES ('19', '3', '1', '630', '50', '56');
INSERT INTO `need_student` VALUES ('33', '1', '1', '610', '2730', '11');
INSERT INTO `need_student` VALUES ('33', '2', '1', '605', '3152', '9');
INSERT INTO `need_student` VALUES ('33', '3', '1', '618', '169', '12');
INSERT INTO `need_student` VALUES ('34', '1', '1', '561', '8617', '20');
INSERT INTO `need_student` VALUES ('34', '3', '1', '579', '1676', '30');
INSERT INTO `need_student` VALUES ('39', '1', '1', '626', '1588', '23');
INSERT INTO `need_student` VALUES ('39', '2', '1', '630', '1529', '43');
INSERT INTO `need_student` VALUES ('39', '3', '1', '646', '10', '54');
INSERT INTO `need_student` VALUES ('42', '1', '1', '598', '6207', '76');

-- ----------------------------
-- Table structure for `position`
-- ----------------------------
DROP TABLE IF EXISTS `position`;
CREATE TABLE `position` (
  `position_id` int(10) unsigned NOT NULL AUTO_INCREMENT,
  `position_name` varchar(255) CHARACTER SET utf8 NOT NULL,
  PRIMARY KEY (`position_id`)
) ENGINE=InnoDB AUTO_INCREMENT=8 DEFAULT CHARSET=utf8 COLLATE=utf8_bin;

-- ----------------------------
-- Records of position
-- ----------------------------
INSERT INTO `position` VALUES ('1', '东北');
INSERT INTO `position` VALUES ('2', '华东');
INSERT INTO `position` VALUES ('3', '华北');
INSERT INTO `position` VALUES ('4', '华中');
INSERT INTO `position` VALUES ('5', '华南');
INSERT INTO `position` VALUES ('6', '西南');
INSERT INTO `position` VALUES ('7', '西北');

-- ----------------------------
-- Table structure for `province`
-- ----------------------------
DROP TABLE IF EXISTS `province`;
CREATE TABLE `province` (
  `province_id` int(10) unsigned NOT NULL AUTO_INCREMENT,
  `province_name` varchar(255) CHARACTER SET utf8 NOT NULL,
  `position_id` int(10) unsigned NOT NULL,
  PRIMARY KEY (`province_id`),
  KEY `province_position` (`position_id`)
) ENGINE=InnoDB AUTO_INCREMENT=16 DEFAULT CHARSET=utf8 COLLATE=utf8_bin;

-- ----------------------------
-- Records of province
-- ----------------------------
INSERT INTO `province` VALUES ('1', '黑龙江省', '1');
INSERT INTO `province` VALUES ('2', '吉林省', '1');
INSERT INTO `province` VALUES ('3', '辽宁省', '1');
INSERT INTO `province` VALUES ('4', '上海市', '2');
INSERT INTO `province` VALUES ('5', '浙江省', '2');
INSERT INTO `province` VALUES ('6', '北京市', '3');
INSERT INTO `province` VALUES ('7', '河北省', '3');
INSERT INTO `province` VALUES ('8', '河南省', '4');
INSERT INTO `province` VALUES ('9', '湖北省', '4');
INSERT INTO `province` VALUES ('10', '广东省', '5');
INSERT INTO `province` VALUES ('11', '海南省', '5');
INSERT INTO `province` VALUES ('12', '重庆市', '6');
INSERT INTO `province` VALUES ('13', '四川省', '6');
INSERT INTO `province` VALUES ('14', '陕西省', '7');
INSERT INTO `province` VALUES ('15', '甘肃省', '7');

-- ----------------------------
-- Table structure for `province_studenttype`
-- ----------------------------
DROP TABLE IF EXISTS `province_studenttype`;
CREATE TABLE `province_studenttype` (
  `province_id` int(10) unsigned NOT NULL,
  `student_type_id` int(10) unsigned NOT NULL,
  `first_gradeline` double NOT NULL,
  `second_gradeline` double NOT NULL,
  `third_gradeline` double NOT NULL,
  `other_gradeline` double NOT NULL,
  PRIMARY KEY (`province_id`,`student_type_id`),
  KEY `province_student2` (`student_type_id`)
) ENGINE=InnoDB DEFAULT CHARSET=utf8 COLLATE=utf8_bin;

-- ----------------------------
-- Records of province_studenttype
-- ----------------------------
INSERT INTO `province_studenttype` VALUES ('1', '1', '559', '490', '380', '330');
INSERT INTO `province_studenttype` VALUES ('1', '2', '212', '212', '212', '150');
INSERT INTO `province_studenttype` VALUES ('1', '3', '211', '211', '211', '187');
INSERT INTO `province_studenttype` VALUES ('2', '1', '533', '405', '283', '150');
INSERT INTO `province_studenttype` VALUES ('2', '2', '263', '263', '263', '183');
INSERT INTO `province_studenttype` VALUES ('3', '1', '517', '438', '368', '180');
INSERT INTO `province_studenttype` VALUES ('3', '2', '300', '300', '300', '110');
INSERT INTO `province_studenttype` VALUES ('3', '3', '180', '180', '180', '140');
INSERT INTO `province_studenttype` VALUES ('4', '1', '502', '401', '401', '143');
INSERT INTO `province_studenttype` VALUES ('4', '2', '261', '261', '261', '100');
INSERT INTO `province_studenttype` VALUES ('4', '3', '281', '281', '281', '100');
INSERT INTO `province_studenttype` VALUES ('5', '1', '588', '490', '344', '344');
INSERT INTO `province_studenttype` VALUES ('5', '2', '507', '449', '449', '319');
INSERT INTO `province_studenttype` VALUES ('5', '3', '500', '445', '445', '445');
INSERT INTO `province_studenttype` VALUES ('6', '1', '532', '432', '432', '150');
INSERT INTO `province_studenttype` VALUES ('6', '2', '300', '300', '300', '105');
INSERT INTO `province_studenttype` VALUES ('6', '3', '300', '300', '300', '105');
INSERT INTO `province_studenttype` VALUES ('7', '1', '511', '358', '358', '200');
INSERT INTO `province_studenttype` VALUES ('7', '2', '266', '266', '266', '140');
INSERT INTO `province_studenttype` VALUES ('7', '3', '210', '210', '210', '140');
INSERT INTO `province_studenttype` VALUES ('8', '1', '499', '374', '374', '200');
INSERT INTO `province_studenttype` VALUES ('8', '2', '335', '326', '326', '180');
INSERT INTO `province_studenttype` VALUES ('8', '3', '305', '305', '305', '180');
INSERT INTO `province_studenttype` VALUES ('9', '1', '512', '375', '375', '200');
INSERT INTO `province_studenttype` VALUES ('9', '2', '286', '286', '286', '120');
INSERT INTO `province_studenttype` VALUES ('9', '3', '336', '336', '336', '120');
INSERT INTO `province_studenttype` VALUES ('10', '1', '500', '376', '376', '205');
INSERT INTO `province_studenttype` VALUES ('10', '2', '300', '300', '300', '190');
INSERT INTO `province_studenttype` VALUES ('10', '3', '280', '280', '280', '200');
INSERT INTO `province_studenttype` VALUES ('11', '1', '539', '539', '539', '539');
INSERT INTO `province_studenttype` VALUES ('11', '2', '376', '376', '376', '376');
INSERT INTO `province_studenttype` VALUES ('11', '3', '439', '439', '439', '439');
INSERT INTO `province_studenttype` VALUES ('12', '1', '524', '428', '428', '140');
INSERT INTO `province_studenttype` VALUES ('12', '2', '321', '321', '321', '120');
INSERT INTO `province_studenttype` VALUES ('12', '3', '315', '315', '315', '140');
INSERT INTO `province_studenttype` VALUES ('13', '1', '546', '458', '458', '180');
INSERT INTO `province_studenttype` VALUES ('13', '2', '205', '205', '205', '175');
INSERT INTO `province_studenttype` VALUES ('13', '3', '100', '100', '100', '100');
INSERT INTO `province_studenttype` VALUES ('14', '1', '474', '425', '332', '160');
INSERT INTO `province_studenttype` VALUES ('14', '2', '276', '276', '276', '112');
INSERT INTO `province_studenttype` VALUES ('14', '3', '301', '301', '301', '301');
INSERT INTO `province_studenttype` VALUES ('15', '1', '483', '436', '370', '180');
INSERT INTO `province_studenttype` VALUES ('15', '2', '283', '241', '241', '160');
INSERT INTO `province_studenttype` VALUES ('15', '3', '283', '278', '278', '160');

-- ----------------------------
-- Table structure for `question`
-- ----------------------------
DROP TABLE IF EXISTS `question`;
CREATE TABLE `question` (
  `question_id` int(10) unsigned NOT NULL AUTO_INCREMENT,
  `question_title` varchar(80) CHARACTER SET utf8 NOT NULL,
  `question_describe` varchar(100) CHARACTER SET utf8 DEFAULT NULL,
  `question_time` datetime NOT NULL,
  `user_id` int(10) unsigned NOT NULL,
  `question_img` varchar(200) CHARACTER SET utf8 DEFAULT NULL,
  PRIMARY KEY (`question_id`),
  KEY `question_user` (`user_id`),
  CONSTRAINT `question_users` FOREIGN KEY (`user_id`) REFERENCES `user` (`user_id`) ON DELETE NO ACTION ON UPDATE NO ACTION
) ENGINE=InnoDB AUTO_INCREMENT=16 DEFAULT CHARSET=utf8 COLLATE=utf8_bin;

-- ----------------------------
-- Records of question
-- ----------------------------
INSERT INTO `question` VALUES ('1', '大学什么专业最好？', '成绩的话，不好评论毕竟才高二，但是在年级前十是有的，兴趣没有，数学学得好不代表喜欢数学，读数学系绝不读数论，之前对博弈运筹比较有兴趣，但是他们又都过时了，单纯数学就业又是问题，金融与经济学又不甚了解。', '2019-01-26 15:44:03', '1', 'https://goss1.vcg.com/creative/vcg/800/version23/VCG41613684098.jpg');
INSERT INTO `question` VALUES ('2', '关于高考报志愿，好心人可以提点一下吗？', '马上要报志愿了，不懂的地方还有好多', '2018-06-30 15:49:59', '2', 'https://goss3.vcg.com/creative/vcg/800/version23/VCG41114995662.jpg');
INSERT INTO `question` VALUES ('3', '报志愿是怎么一种感受？', '本人马上面临高考，想咨询一下报志愿时的感受', '2019-05-31 15:50:56', '3', 'https://goss1.vcg.com/creative/vcg/800/version23/VCG21gic13915268.jpg');
INSERT INTO `question` VALUES ('4', '如何评价一个优秀的大学里的那些奇怪的专业。？', '本人就是在医学院读的法学专业，不是法医，是法律', '2018-12-16 23:43:23', '3', 'https://goss.vcg.com/creative/vcg/800/version23/VCG41643999037.jpg');
INSERT INTO `question` VALUES ('5', '高考报志愿有什么技巧吗？', '想知道在高考报志愿的时候需要注意些什么', '2019-05-31 19:12:34', '1', 'https://goss1.vcg.com/creative/vcg/800/version23/VCG4183835826.jpg');
INSERT INTO `question` VALUES ('6', '上大学真的很美好么', '准大学新生，想请教各位学长学姐的上大学的体验', '2018-07-24 12:12:34', '3', 'https://goss3.vcg.com/creative/vcg/800/version3/d798a9782f3a402db07bd733fc0a753c.jpg');
INSERT INTO `question` VALUES ('7', '大学四年应该如何度过', '大学的日子', '2019-06-01 23:12:34', '3', 'https://goss3.vcg.com/creative/vcg/800/version23/VCG21gic13864891.jpg');
INSERT INTO `question` VALUES ('8', '二流大学和一流大学的差距有哪些', '大学之间的差距', '2018-12-23 12:12:43', '2', 'https://goss2.vcg.com/creative/vcg/800/version23/VCG41520179805.jpg');
INSERT INTO `question` VALUES ('9', '大学应该学什么', '大学的学习', '2018-11-10 17:29:22', '3', 'https://goss3.vcg.com/creative/vcg/800/version23/VCG21gic13914946.jpg');
INSERT INTO `question` VALUES ('10', '好大学对未来重要么', '一个好大学的重要性', '2018-07-01 15:18:39', '3', 'https://goss4.vcg.com/creative/vcg/800/version23/VCG41555311377.jpg');
INSERT INTO `question` VALUES ('11', '高考报志愿需要做什么？', '不知道在高考填报志愿之前应该准备些什么', '2019-06-04 09:51:24', '1', 'https://ss2.bdstatic.com/70cFvnSh_Q1YnxGkpoWK1HF6hhy/it/u=1514258263,1144278709&fm=26&gp=0.jpg');
INSERT INTO `question` VALUES ('12', '高考报志愿本省外省哪个好？考虑哪些因素？', '想询问一些学长学姐的经验', '2019-05-22 10:04:36', '4', 'https://ss1.bdstatic.com/70cFvXSh_Q1YnxGkpoWK1HF6hhy/it/u=1386973800,1614822421&fm=26&gp=0.jpg');
INSERT INTO `question` VALUES ('13', '怎样正确地选择大学专业？', '大学选专业题主认为应该是一件非常严肃的事情，但感觉周围的氛围并非如此。\r\n问周围的同学朋友想选什么专业，很多说选金融，问及原因，很多人都说金融啊，听起来多么高大上啊，以后赚钱肯定比较多啊。\r\n还有一些', '2019-03-28 10:08:24', '2', 'https://ss2.bdstatic.com/70cFvnSh_Q1YnxGkpoWK1HF6hhy/it/u=3711322607,147518709&fm=11&gp=0.jpg');
INSERT INTO `question` VALUES ('14', '高三狗想提前了解大学专业种类，想请各位介绍一下自己的专业？', '本人高三，女生，想了解更多有关专业选择的知识，想请大家介绍一下自己的专业', '2019-04-10 10:29:13', '4', 'https://ss3.bdstatic.com/70cFv8Sh_Q1YnxGkpoWK1HF6hhy/it/u=839622338,922263673&fm=26&gp=0.jpg');
INSERT INTO `question` VALUES ('15', '对外经济贸易大学各专业的讲解', '想知道对外经济贸易大学的各个专业', '2019-03-23 10:42:14', '2', 'https://ss0.bdstatic.com/70cFuHSh_Q1YnxGkpoWK1HF6hhy/it/u=3020626483,4263200863&fm=11&gp=0.jpg');

-- ----------------------------
-- Table structure for `rank`
-- ----------------------------
DROP TABLE IF EXISTS `rank`;
CREATE TABLE `rank` (
  `time_id` int(10) unsigned NOT NULL,
  `province_id` int(10) unsigned NOT NULL,
  `grade` int(10) unsigned NOT NULL,
  `ranking` varchar(255) CHARACTER SET utf8 DEFAULT NULL,
  PRIMARY KEY (`time_id`,`province_id`,`grade`),
  KEY `province_id` (`province_id`)
) ENGINE=InnoDB DEFAULT CHARSET=utf8 COLLATE=utf8_bin;

-- ----------------------------
-- Records of rank
-- ----------------------------
INSERT INTO `rank` VALUES ('1', '1', '554', '45000');
INSERT INTO `rank` VALUES ('1', '2', '530', '35000');
INSERT INTO `rank` VALUES ('1', '3', '560', '46899');
INSERT INTO `rank` VALUES ('1', '4', '518', '10849');
INSERT INTO `rank` VALUES ('1', '4', '519', '10611');
INSERT INTO `rank` VALUES ('1', '4', '600', '20000');
INSERT INTO `rank` VALUES ('1', '4', '610', '52');
INSERT INTO `rank` VALUES ('1', '5', '522', '124610');
INSERT INTO `rank` VALUES ('1', '5', '532', '114071');
INSERT INTO `rank` VALUES ('1', '5', '543', '102323');
INSERT INTO `rank` VALUES ('1', '5', '720', '32');
INSERT INTO `rank` VALUES ('1', '6', '450', '107890');
INSERT INTO `rank` VALUES ('1', '6', '525', '17887');
INSERT INTO `rank` VALUES ('1', '6', '528', '17509');
INSERT INTO `rank` VALUES ('1', '6', '530', '17261');
INSERT INTO `rank` VALUES ('1', '7', '530', '17105');
INSERT INTO `rank` VALUES ('1', '7', '534', '15781');
INSERT INTO `rank` VALUES ('1', '7', '663', '73');
INSERT INTO `rank` VALUES ('1', '8', '583', '25200');
INSERT INTO `rank` VALUES ('1', '8', '609', '12496');
INSERT INTO `rank` VALUES ('1', '9', '370', '67681');
INSERT INTO `rank` VALUES ('1', '9', '517', '22604');
INSERT INTO `rank` VALUES ('1', '9', '554', '13471');
INSERT INTO `rank` VALUES ('1', '10', '547', '19032');
INSERT INTO `rank` VALUES ('1', '10', '551', '17151');
INSERT INTO `rank` VALUES ('1', '10', '554', '15800');
INSERT INTO `rank` VALUES ('1', '11', '641', '3172');
INSERT INTO `rank` VALUES ('1', '11', '642', '3115');
INSERT INTO `rank` VALUES ('1', '12', '512', '43822');
INSERT INTO `rank` VALUES ('1', '12', '515', '42406');
INSERT INTO `rank` VALUES ('1', '13', '576', '3505');
INSERT INTO `rank` VALUES ('1', '13', '581', '2803');
INSERT INTO `rank` VALUES ('1', '13', '587', '2075');
INSERT INTO `rank` VALUES ('1', '14', '570', '1938');
INSERT INTO `rank` VALUES ('1', '14', '606', '545');
INSERT INTO `rank` VALUES ('1', '14', '614', '404');
INSERT INTO `rank` VALUES ('1', '15', '495', '5454');
INSERT INTO `rank` VALUES ('1', '15', '515', '2833');
INSERT INTO `rank` VALUES ('1', '15', '530', '1685');
INSERT INTO `rank` VALUES ('2', '1', '554', '9742');
INSERT INTO `rank` VALUES ('2', '2', '550', '9128');
INSERT INTO `rank` VALUES ('2', '3', '457', '19885');
INSERT INTO `rank` VALUES ('2', '3', '503', '36564');
INSERT INTO `rank` VALUES ('2', '3', '510', '33793');
INSERT INTO `rank` VALUES ('2', '3', '515', '31856');
INSERT INTO `rank` VALUES ('2', '4', '558', '3056');
INSERT INTO `rank` VALUES ('2', '4', '565', '2148');
INSERT INTO `rank` VALUES ('2', '5', '580', '48006');
INSERT INTO `rank` VALUES ('2', '5', '585', '43278');
INSERT INTO `rank` VALUES ('2', '5', '586', '42380');
INSERT INTO `rank` VALUES ('2', '6', '506', '20840');
INSERT INTO `rank` VALUES ('2', '6', '511', '20117');
INSERT INTO `rank` VALUES ('2', '6', '517', '19317');
INSERT INTO `rank` VALUES ('2', '7', '510', '18373');
INSERT INTO `rank` VALUES ('2', '7', '514', '17252');
INSERT INTO `rank` VALUES ('2', '7', '515', '16973');
INSERT INTO `rank` VALUES ('2', '8', '577', '3529');
INSERT INTO `rank` VALUES ('2', '8', '580', '3205');
INSERT INTO `rank` VALUES ('2', '9', '511', '37788');
INSERT INTO `rank` VALUES ('2', '9', '551', '20557');
INSERT INTO `rank` VALUES ('2', '9', '552', '20143');
INSERT INTO `rank` VALUES ('2', '10', '504', '51932');
INSERT INTO `rank` VALUES ('2', '11', '500', '56789');
INSERT INTO `rank` VALUES ('2', '11', '600', '5553');
INSERT INTO `rank` VALUES ('2', '11', '605', '5219');
INSERT INTO `rank` VALUES ('2', '11', '606', '5163');
INSERT INTO `rank` VALUES ('2', '12', '560', '3601');
INSERT INTO `rank` VALUES ('2', '12', '570', '2624');
INSERT INTO `rank` VALUES ('2', '13', '503', '83115');
INSERT INTO `rank` VALUES ('2', '13', '505', '80821');
INSERT INTO `rank` VALUES ('2', '13', '509', '76309');
INSERT INTO `rank` VALUES ('2', '14', '557', '14055');
INSERT INTO `rank` VALUES ('2', '14', '561', '13137');
INSERT INTO `rank` VALUES ('2', '14', '562', '12904');
INSERT INTO `rank` VALUES ('2', '15', '539', '23730');
INSERT INTO `rank` VALUES ('2', '15', '566', '10204');
INSERT INTO `rank` VALUES ('2', '15', '568', '9543');
INSERT INTO `rank` VALUES ('3', '1', '554', '13450');
INSERT INTO `rank` VALUES ('3', '2', '550', '1849');
INSERT INTO `rank` VALUES ('3', '3', '544', '22175');
INSERT INTO `rank` VALUES ('3', '3', '571', '14577');
INSERT INTO `rank` VALUES ('3', '3', '684', '79');
INSERT INTO `rank` VALUES ('3', '4', '471', '138020');
INSERT INTO `rank` VALUES ('3', '4', '477', '131494');
INSERT INTO `rank` VALUES ('3', '5', '578', '43024');
INSERT INTO `rank` VALUES ('3', '5', '588', '44225');
INSERT INTO `rank` VALUES ('3', '6', '544', '16935');
INSERT INTO `rank` VALUES ('3', '6', '547', '16473');
INSERT INTO `rank` VALUES ('3', '7', '551', '32242');
INSERT INTO `rank` VALUES ('3', '7', '552', '50052');
INSERT INTO `rank` VALUES ('3', '8', '522', '71835');
INSERT INTO `rank` VALUES ('3', '8', '523', '70854');
INSERT INTO `rank` VALUES ('3', '9', '569', '24074');
INSERT INTO `rank` VALUES ('3', '9', '571', '23238');
INSERT INTO `rank` VALUES ('3', '9', '578', '20443');
INSERT INTO `rank` VALUES ('3', '10', '544', '33655');
INSERT INTO `rank` VALUES ('3', '11', '666', '3764');
INSERT INTO `rank` VALUES ('3', '11', '668', '3642');
INSERT INTO `rank` VALUES ('3', '11', '673', '3327');
INSERT INTO `rank` VALUES ('3', '12', '544', '26787');
INSERT INTO `rank` VALUES ('3', '12', '551', '24045');
INSERT INTO `rank` VALUES ('3', '13', '530', '70796');
INSERT INTO `rank` VALUES ('3', '13', '538', '62196');
INSERT INTO `rank` VALUES ('3', '14', '320', '140000');
INSERT INTO `rank` VALUES ('3', '14', '690', '11');

-- ----------------------------
-- Table structure for `school`
-- ----------------------------
DROP TABLE IF EXISTS `school`;
CREATE TABLE `school` (
  `school_id` int(10) unsigned NOT NULL AUTO_INCREMENT,
  `school_name` varchar(255) CHARACTER SET utf8 NOT NULL,
  `school_rank` int(11) NOT NULL,
  `city_id` int(10) unsigned NOT NULL,
  `school_img` varchar(255) CHARACTER SET utf8 DEFAULT NULL,
  `school_content` varchar(255) CHARACTER SET utf8 DEFAULT NULL,
  `school_number` varchar(255) CHARACTER SET utf8 DEFAULT NULL,
  `school_type_id` int(10) unsigned NOT NULL,
  `school_best_major` varchar(255) CHARACTER SET utf8 DEFAULT NULL,
  PRIMARY KEY (`school_id`),
  KEY `city_id` (`city_id`),
  KEY `school_type_id` (`school_type_id`)
) ENGINE=InnoDB AUTO_INCREMENT=43 DEFAULT CHARSET=utf8 COLLATE=utf8_bin;

-- ----------------------------
-- Records of school
-- ----------------------------
INSERT INTO `school` VALUES ('1', '北京大学', '1', '10', 'http://5b0988e595225.cdn.sohucs.com/images/20171223/942f9ab32de14546acc576efab485b64.jpeg', '北京大学（Peking University）简称“北大”，诞生于1898年，初名京师大学堂，是中国近代第一所国立大学，也是最早以“大学”之名创办的学校，其成立标志着中国近代高等教育的开端。北大是中国近代以来唯一以国家最高学府身份创立的学校', '10001', '1', '软件工程');
INSERT INTO `school` VALUES ('2', '清华大学', '2', '10', 'http://5b0988e595225.cdn.sohucs.com/images/20180709/dd548d178512414db6cd72de60b3b4dc.jpeg', '清华大学（Tsinghua University），简称“清华”，由中华人民共和国教育部直属，中央直管副部级建制，位列“211工程”、“985工程”、“世界一流大学和一流学科”，入选“基础学科拔尖学生培养试验计划”、“高等学校创新能力提升计划”', '10003', '2', '数学');
INSERT INTO `school` VALUES ('3', '河北师范大学', '168', '11', 'http://p6.qhimg.com/t0132a7310acb46fb1f.jpg', '河北师范大学（Hebei Normal University）位于河北省会石家庄市，由中华人民共和国教育部与河北省人民政府共建，是一所具有百年历史和光荣传统的省属重点大学，河北省重点支持的国家一流大学建设一层次高校', '10094', '6', '细胞学');
INSERT INTO `school` VALUES ('4', '兰州大学', '98', '21', 'http://img0.imgtn.bdimg.com/it/u=2999182959,3531399367&fm=26&gp=0.jpg', '兰州大学（Lanzhou University）简称“兰大”，是中华人民共和国教育部直属全国重点大学，中央直管副部级建制，由国家国防科技工业局与教育部共建，国家首批”双一流“世界一流大学建设A类高校，”211工程“、”985工程“重点建设高校', '10730', '3', '空乘');
INSERT INTO `school` VALUES ('5', '兰州交通大学 ', '288', '21', 'http://img.ccutu.com/upload/image/20180126/6365256949685448023995665.jpg', '兰州交通大学（Lanzhou Jiaotong University），简称兰交大，位于甘肃省会兰州市，是甘肃省高水平大学建设院校，入选教育部“卓越工程师教育培养计划”、“中西部高校基础能力建设工程”，为教育部本科教学工作水平评估优秀高校', '10732', '4', '交通运输专业');
INSERT INTO `school` VALUES ('6', '辽宁省交通高等专科学校', '500', '5', 'http://www.gaokw.com/uploads/allimg/180807/1-1PPFU1124T.jpg', '辽宁省交通高等专科学校坐落于历史文化名城沈阳，入选国家建设行业技能型紧缺人才培养培训工程、全国首批国家示范性高等职业院校、第二批国家现代学徒制试点单位。1951年建立东北交通学校，1954年6月，更名为交通部沈阳公路工程学校', '11500', '5', '汽车检测与维修技术');
INSERT INTO `school` VALUES ('7', '河北医科大学', '170', '11', 'http://img1.jc001.cn/img/301/1285301/1244600380164.jpg', '河北医科大学（Hebei Medical University），简称“河北医大”，位于河北省省会石家庄市，由河北省人民政府、国家卫生和计划生育委员会和教育部三方共建，入选国家“中西部高校基础能力建设工程”、“卓越医生教育培养计划', '050017', '8', '医药学');
INSERT INTO `school` VALUES ('8', '中国人民解放军国防大学', '20', '3', 'http://www.mxzx123.net/uploads/allimg/180629/7-1P629120K3.jpg', '中国人民解放军国防大学（英文：National Defence University of People\'s Liberation Army，NDU，PLA）是中共中央军委直属大学，副战区级，中国最高军事学府和“2110工程”重点建设院校，为中国军队高级任职教育的一所综合性联合指挥大学。', '16124057', '13', '指挥专业');
INSERT INTO `school` VALUES ('9', '北京艺术传媒职业学院', '708', '10', 'http://img1.imgtn.bdimg.com/it/u=4093663591,2948048338&fm=214&gp=0.jpg', '北京艺术传媒职业学院（原北京新圆明职业学院），位于首都北京市，成立于1994年，是经北京市人民政府批准，教育部备案，具有独立颁发学历文凭资格，全国唯一一所艺术与传媒并列命名的综合性艺术传媒类普通高等学校', '14140', '11', '工商企业管理专业');
INSERT INTO `school` VALUES ('10', '廊坊师范学院', '552', '12', 'http://img.ccutu.com/upload/images/2017-6/20150.jpg', '廊坊师范学院（Langfang Teachers University），建院于1946年，是经教育部批准建立的省属普通高等本科院校，位于京津走廊上的明珠河北省廊坊市，距北京天安门广场40公里，距天津中心区60公里。', '10100', '14', '化学');
INSERT INTO `school` VALUES ('11', '黑龙江大学', '112', '1', 'http://img1.imgtn.bdimg.com/it/u=791826522,3876439721&fm=26&gp=0.jpg', '黑龙江大学（Heilongjiang University），诞生于1941年，其前身为中国人民抗日军政大学第三分校俄文队，是由中国共产党一手创办的我国最早培养俄语高级专门人才的红色大学，教育部、国家国防科技工业局与黑龙江省共建高校，国家首批中西部高校基础能力建设工程高校，黑龙江省“双一流”建设A类高校，入选国家首批卓越法律人才教育培养计划、国家建设高水平大学公派研究生项目、特色重点学科项目、新工科研究与实践项目、国家级人才培养模式创新实验区、国家级特色专业建设点、国家级大学生创新创业训练计划、教育部来华', '10212', '7', '外国语言文学');
INSERT INTO `school` VALUES ('12', '东北石油大学', '214', '2', 'https://ss1.bdstatic.com/70cFvXSh_Q1YnxGkpoWK1HF6hhy/it/u=1700279272,3214410211&fm=26&gp=0.jpg', '东北石油大学（Northeast Petroleum University），简称东油（NEPU），坐落于中国最大的石油石化基地黑龙江省大庆市，是伴随中国最大油田大庆油田的发现而诞生的一所全国重点大学，是中国石油天然气集团公司、中国石油化工集团公司、中国海洋石油总公司和黑龙江省人民政府四部共同建设的石油院校，是黑龙江省重点建设的高水平大学，还是国家“卓越工程师教育培养计划”、“国家大学生创新性实验计划”实施高校，国家“特色重点学科项目”建设高校，“国家建设高水平大学公派研究生项目”实施高校', '10220', '7', '石油工程');
INSERT INTO `school` VALUES ('13', '东北电力大学', '184', '4', 'https://www.dxsbb.com/upFiles/infoImg/2015112557975581.jpg', '东北电力大学（Northeast Electric Power University），简称东电（NEEPU），坐落在吉林省吉林市，入选教育部“卓越工程师教育培养计划”、首批“中西部高校基础能力建设工程”重点建设高校。学校为首批国家级工程实践教育中心建设单位，全国社会体育人才培训和科研基地。2016年加盟“全球能源互联网发展合作组织”，同年发起加入“中国智能量测产业技术创新战略联盟”。', '10188', '7', '电气工程及其自动化');
INSERT INTO `school` VALUES ('14', '辽宁科技大学', '324', '6', 'https://gss3.bdstatic.com/-Po3dSag_xI4khGkpoWK1HF6hhy/baike/crop%3D0%2C8%2C550%2C363%3Bc0%3Dbaike80%2C5%2C5%2C80%2C26/sign=7515a862356d55fbd1892c6650126372/0d338744ebf81a4c028d2875df2a6059242da6cb.jpg', '辽宁科技大学(University of Science and Technology Liaoning)简称“辽科大”，始建于1948年（戊子年），是新中国最早组建的冶金高校之一。1958年成立本科学院鞍山钢铁学院；2002年经国家教育部批准更名为鞍山科技大学； 2006 年经国家教育部批准更名为辽宁科技大学；同时成为国务院学位委员会批准的具有博士学位授予权单位；是国家首批“卓越工程师教育培养计划2.0”、“新工科研究与实践项目”入选高校，辽宁省一流大学重点建设高校。', '10146', '7', '冶金技术');
INSERT INTO `school` VALUES ('15', '复旦大学', '5', '7', 'https://ss1.bdstatic.com/70cFvXSh_Q1YnxGkpoWK1HF6hhy/it/u=978353,3152870942&fm=26&gp=0.jpg', '复旦大学（Fudan University），简称“复旦”，位于中国上海，由中华人民共和国教育部直属，中央直管副部级建制，国家双一流（A类）、985工程、211工程建设高校，入选珠峰计划、111计划、2011计划、卓越医生教育培养计划、国家建设高水平大学公派研究生项目，九校联盟（C9）、中国大学校长联谊会、东亚研究型大学协会、环太平洋大学协会的重要成员，是一所世界知名、国内顶尖的全国重点大学。 ', '10246', '1', '数学');
INSERT INTO `school` VALUES ('16', '上海交通大学', '6', '7', 'http://www.zhijin.com/uploadfile/2017/0227/20170227042945768.jpg\r\n', '上海交通大学（Shanghai Jiao Tong University），简称“上海交大”，位于中国直辖市上海，是中华人民共和国教育部直属并与上海市共建的全国重点大学，是中国历史最悠久、享誉海内外的著名高等学府之一， [1]  位列“985工程”、“211工程”、“世界一流大学建设高校”，入选“珠峰计划”、“111计划”、“2011计划”、“卓越医生教育培养计划”、“卓越法律人才教育培养计划”、“卓越工程师教育培养计划”、“卓越农林人才教育培养计划”，为九校联盟、中国大学校长联谊会、Universita', '10248', '1', '经济学类');
INSERT INTO `school` VALUES ('17', '同济大学', '23', '7', 'https://timgsa.baidu.com/timg?image&quality=80&size=b9999_10000&sec=1545638590&di=1df0faf7b2bc12733eecab62e29ddfe3&imgtype=jpg&er=1&src=http%3A%2F%2Fa.hiphotos.baidu.com%2Fzhidao%2Fpic%2Fitem%2F1f178a82b9014a90be18c279a2773912b21beed4.jpg', '同济大学（Tongji University），简称“同济”，是中华人民共和国教育部直属，由教育部、国家海洋局和上海市共建的全国重点大学，历史悠久、声誉卓著，是国家“双一流”、“211工程”、“985工程”重点建设高校，也是收生标准最严格的中国大学之一；入选2011计划、珠峰计划、卓越工程师教育培养计划、卓越法律人才教育培养计划、卓越医生教育培养计划、111计划、国家大学生创新性实验计划、国家建设高水平大学公派研究生项目、中国政府奖学金来华留学生接收院校、国家级大学生创新创业训练计划、国家级新工科研究与实', '10247', '2', '土木工程');
INSERT INTO `school` VALUES ('18', '华东师范大学', '28', '7', 'http://p0.qhimg.com/t01106b55a873a9f3d3.jpg', '华东师范大学（East China Normal University），简称“华东师大”，位于中国上海，由中华人民共和国教育部直属，位列世界一流大学建设高校、“985工程”、“211工程”，入选国家“2011计划”、“111计划”和“国家建设高水平大学公派研究生项目”，“长三角高校合作联盟”、“金砖国家大学联盟”、“亚太高校书院联盟”、“中日人文交流大学联盟”成员，设有研究生院和国家大学科技园，是教育部、上海市人民政府和国家海洋局共建的全国重点大学', '10269', '1', '心理学');
INSERT INTO `school` VALUES ('19', '华东理工大学', '52', '7', 'http://hiphotos.baidu.com/lbsugc/pic/item/63d9f2d3572c11dfab6fabfb662762d0f603c2af.jpg', '华东理工大学（East China University of Science and Technology）简称“华理”，位于上海市，是中华人民共和国教育部直属的一所具有理工特色，覆盖理、工、农、医、经、管、文、法、艺术、哲学、教育11个学科门类的研究型全国重点大学；国家首批“双一流”世界一流学科建设高校，国家首批“211工程”、“985平台”重点建设高校，高水平行业特色大学优质资源共享联盟成员，入选国家建设高水平大学公派研究生项目、111计划、卓越工程师教育培养计划、2011计划、国家级新工科研究与实', '10251', '1', '化学工程与工艺');
INSERT INTO `school` VALUES ('20', '温州医科大学', '191', '8', 'http://img2.imgtn.bdimg.com/it/u=538842471,1126694993&fm=26&gp=0.jpg', '温州医科大学（Wenzhou Medical University）位于浙江温州，简称温医大，第二批省重点建设高校， [1]  是全国首批硕士学位授予单位，具有博士学位授予权，是国家卫生和计划生育委员会、教育部和浙江省人民政府三方共同建设的高校，入选国家“111计划”、“卓越医生教育培养计划”。', '10343', '7', '临床医学');
INSERT INTO `school` VALUES ('21', '湖州师范学院', '387', '9', 'http://nfile.365zhaosheng.com/Upload/userimg/20140713211689378937.jpg', '湖州师范学院（Huzhou University），简称湖州师院，湖州地区唯一一所本科院校， [1]  位于浙江省湖州市，是一所由湖州市人民政府举办的综合性公办全日制普通高等院校', '10347', '7', '小学教育');
INSERT INTO `school` VALUES ('22', '河南科技大学', '138', '13', 'http://img5.imgtn.bdimg.com/it/u=743739560,3361310715&fm=26&gp=0.jpg', '河南科技大学（Henan University of Science and Technology）简称河科大（HAUST），坐落于“千年帝都，牡丹花城”、中原城市群副中心城市—洛阳，是国家国防科工局与河南省人民政府共建的省属重点大学，属河南省重点建设的三所综合性大学之一，位列中西部高校基础能力建设工程、卓越工程师教育培养计划、卓越医生教育培养计划、卓越农林人才教育培养计划，入选全国深化创新创业教育改革示范高校、国家级专业技术人员继续教育基地，是“新丝绸之路大学联盟”理事高校，是教育部首批认定有条件接收外', '10464', '7', '机器设计制造及其自动化');
INSERT INTO `school` VALUES ('23', '洛阳师范大学', '452', '13', 'https://timgsa.baidu.com/timg?image&quality=80&size=b9999_10000&sec=1545641170&di=0f27696eb0a61559bb13568ea8e49c26&imgtype=jpg&er=1&src=http%3A%2F%2Fcrawl.nosdn.127.net%2Ff19c1e4c91bb578f209a5166b5a482ea.jpg', '洛阳师范学院（Luoyang Normal University）是一所省属普通高等师范本科院校，位于千年帝都、牡丹花城、丝路起点——洛阳，为河南省文明单位、河南省普通高校毕业生就业工作先进单位、教育硕士专业学位研究生培养试点单位。', '10482', '7', '汉语言文学');
INSERT INTO `school` VALUES ('24', '洛阳理工学院', '499', '13', 'https://timgsa.baidu.com/timg?image&quality=80&size=b9999_10000&sec=1545641191&di=18cfd0ac7e08b03c683308dacc59a4ed&imgtype=jpg&er=1&src=http%3A%2F%2Fwww.fenglincanyin.com%2Fuploads%2Fimages%2F201712%2F1513136275457255.jpg', '洛阳理工学院（Luoyang Institute of Science and Technology），坐落于享有“千年帝都，牡丹花城”之美誉的中国古都——河南省洛阳市，是一所经国家教育部批准成立的公办省属全日制普通本科高等院校，为河南省首批五所转型发展试点院校、教育部本科教学工作合格评估优秀院校。', '11070', '7', '无机非金属材料工程');
INSERT INTO `school` VALUES ('25', '三峡大学', '211', '14', 'https://timgsa.baidu.com/timg?image&quality=80&size=b9999_10000&sec=1545641211&di=6bd61b3c6811ed8edbe53659e3ded5dc&imgtype=jpg&er=1&src=http%3A%2F%2Fcdn.applysquare.net%2Fa2%2Finstitute%2Fcn.ctgu%2Fcover_app.png', '三峡大学是经国家教育部批准由原武汉水利电力大学（宜昌）和原湖北三峡学院于2000年5月25日合并组建的，是国家水利部和湖北省共建大学，入选教育部第二批“卓越工程师教育培养计划”、中西部高校基础能力建设工程（二期）、湖北省“国内一流大学”建设高校。', '11075', '7', '水利水电工程');
INSERT INTO `school` VALUES ('26', '佛山科学技术学院', '441', '15', 'https://timgsa.baidu.com/timg?image&quality=80&size=b9999_10000&sec=1545046526765&di=1f0ae531a0e37f2f0527e42c28820cc6&imgtype=0&src=http%3A%2F%2Fwww.p5w.net%2Fmoney%2Fzh%2F201805%2FW020180509514853114517.jpg', '佛山科学技术学院（Foshan University），原佛山大学，国家硕士学位授予单位，广东省高水平理工科大学，博士学位授予立项建设单位，教育部数据中国“百校工程”试点院校，是国家“卓越工程师教育培养计划2.0”、“新工科研究与实践项目”入选高校。', '11847', '7', '国际经济与贸易');
INSERT INTO `school` VALUES ('29', '珠海艺术职业学院', '531', '16', 'http://www.gaosan.com/upload/webimg/4101.jpg', '珠海艺术职业学院是经广东省人民政府批准，教育部备案，颁发电子注册文凭，纳入国家统一招生计划的普通高等院校(学院代码：12576)。学院坐落在珠海大道中部金湾区大学园区，依山傍海，环境优美，毗邻港澳，生活方便。。', '12576', '11', '艺术设计专业');
INSERT INTO `school` VALUES ('33', '重庆大学', '31', '18', 'https://timgsa.baidu.com/timg?image&quality=80&size=b9999_10000&sec=1545046661886&di=59c16d7614972f5ebabf4b2acf0719b6&imgtype=0&src=http%3A%2F%2Fpic.baike.soso.com%2Fp%2F20131107%2F20131107134729-1416464457.jpg', '重庆大学（Chongqing University），简称重大（CQU），位于中央直辖市重庆，是中共中央直管、教育部直属的31所副部级全国重点大学之一，由教育部和重庆市共同建设。重大早在民国时期就是中国最杰出的国立大学之一，建国后以“建筑老八校”和“电气五虎”闻名。现是国家“双一流”、“211工程”和“985工程”首批重点建设的高水平研究型综合性大学；入选“2011计划”、“111计划”、“卓越工程师教育培养计划”、“卓越法律人才教育培养计划”、“海外高层次人才引进计划”、“中国政府奖学金来华留学生接收院', '10611', '7', '建筑学');
INSERT INTO `school` VALUES ('34', '西南大学', '37', '18', 'https://timgsa.baidu.com/timg?image&quality=80&size=b9999_10000&sec=1545046682225&di=190a2da48ee91d248ca4ddd391052a6f&imgtype=0&src=http%3A%2F%2Fimg2.ph.126.net%2FRXU0Mv3oe9A5a43XtEMPJg%3D%3D%2F6632165078303256434.jpg', '西南大学（Southwest University）简称西大，坐落于重庆市，是中华人民共和国教育部直属高校，由教育部、农业部与重庆市人民政府共建，是“双一流”世界一流学科建设高校，位列国家“211工程” 、“985工程优势学科创新平台”，入选“111计划”、“2011计划”、“卓越农林人才教育培养计划”、“卓越教师培养计划”。是开办师范生免费教育的7所高校之一，全国自主选拔录取改革试点高校，中国政府奖学金来华留学生接收院校，国家建设高水平大学公派研究生项目60所合作院校之一，重庆市大学联盟创始学校之一。', '10635', '7', '基础心理学');
INSERT INTO `school` VALUES ('35', '西南政法大学', '126', '18', 'http://5b0988e595225.cdn.sohucs.com/images/20180902/43a880f0f65a47d1b73ce4dfbd1f39b6.jpeg', '西南政法大学（Southwest University of Political Science & Law）简称“西政”，位于中国直辖市重庆，由中华人民共和国教育部与重庆市人民政府共建，是新中国最早建立的政法类高等学府，改革开放后首批全国重点大学，全国首批卓越法律人才教育培养计划基地，中国政府奖学金来华留学生接收院校，国家中西部高校基础能力建设工程、国家建设高水平大学公派研究生项目、国家特色重点学科项目入选高校，自主招生试点高校。学校以法学为主，经济学、文学、管理学、哲学、工学等多学科协调发展，被誉为新', '10652', '7', '法学');
INSERT INTO `school` VALUES ('36', '西南科技大学', '235', '19', 'http://img3.imgtn.bdimg.com/it/u=3324717485,2840155712&fm=26&gp=0.jpg', '西南科技大学（Southwest University of Science and Technology）坐落于中国科技城——四川省绵阳市。学校是四川省人民政府与教育部、国家国防科技工业局共建高校，被教育部确定为国家西部重点建设十四所高校之一，入选四川省“双一流”建设计划、中西部高校基础能力建设工程、卓越工程师教育培养计划2.0、新工科研究与实践项目、教育部&四川省卓越工程师教育培养计划、四川省卓越法律人才教育培养计划、四川省卓越农林人才教育培养计划、四川2011计划。 [1-5]  原中央政治局常委，', '10619', '7', '土木工程');
INSERT INTO `school` VALUES ('38', '咸阳师范学院', '644', '20', 'https://timgsa.baidu.com/timg?image&quality=80&size=b9999_10000&sec=1545046774901&di=0798d1ba54325d8ded1ed099fe99c7b3&imgtype=0&src=http%3A%2F%2Fimg1.youzy.cn%2Fuploadfiles%2F2015%2F8%2F31%2Fimage%2F20150831%2F20150831094037_9424.jpg', '学校肇始于1978年5月的“陕西师范大学咸阳专修科”。1978年12月，经教育部批准，成立“咸阳师范专科学校”。2001年5月，与陕西省咸阳教育学院合并，成立咸阳师范学院。2004年10月，陕西广播电视大学咸阳市分校并入。2016年7月，陕西省机电工程学校划归学校', '10722', '7', '数学与应用数学');
INSERT INTO `school` VALUES ('39', '四川大学', '12', '22', 'https://timgsa.baidu.com/timg?image&quality=80&size=b9999_10000&sec=1545046820129&di=2347aa29a15f2ae96bc4c9a80d4b5f61&imgtype=0&src=http%3A%2F%2Fcms.qinxue100.com%2Fuploads%2Fallimg%2F1803%2F143-1P3301Z5501N.jpg', '四川大学（Sichuan University），简称“川大”，是中华人民共和国教育部直属的高水平综合性全国重点大学，中央直管副部级建制，世界一流大学建设高校，国家“985工程”、“211工程”重点建设高校，入选国家珠峰计划、2011计划、111计划、卓越工程师教育培养计划、卓越医生教育培养计划、国家大学生创新性实验计划、国家建设高水平大学公派研究生项目、中国政府奖学金来华留学生接收院校、国家级大学生创新创业训练计划、国家级新工科研究与实践项目、全国深化创新创业教育改革示范高校，拥有研究生院和研究生自主划', '10610', '7', '口腔医学');
INSERT INTO `school` VALUES ('40', '电子科技大学', '29', '22', 'http://a1.att.hudong.com/06/83/01200000025518136358830804115.jpg', '电子科技大学（University of Electronic Science and Technology of China）坐落于四川省会成都，直属中华人民共和国教育部，由教育部、工业和信息化部、四川省和成都市共建。位列国家“985工程”、“211工程”、“世界一流大学建设高校”（A类），入选国家“2011计划”、“111计划”、“卓越工程师教育培养计划”、“国家建设高水平大学公派研究生项目”、“中国政府奖学金来华留学生接收院校”，两电一邮成员。是一所完整覆盖整个电子类学科，以电子信息科学技术为核心，', '10235', '3', '通讯工程');
INSERT INTO `school` VALUES ('41', '西南财经大学', '94', '22', 'http://img3.imgtn.bdimg.com/it/u=2551677785,1889507054&fm=26&gp=0.jpg', '西南财经大学（SWUFE）位于四川省会、国家历史文化名城成都市，直属中华人民共和国教育部，国家首批“双一流”世界一流学科建设高校，国家”211工程“、”985工程优势学科创新平台“重点建设高校，入选”2011计划“、国家建设高水平大学公派研究生项目、中国政府奖学金来华留学生接收院校、全国深化创新创业教育改革示范高校；是以经济学管理学为主体、金融学为重点的全国重点大学，被誉为“中国金融人才库”。', '10651', '7', '金融');
INSERT INTO `school` VALUES ('42', '深圳大学', '73', '23', 'http://5b0988e595225.cdn.sohucs.com/images/20180622/9455d800580c4b18b4d8183eac0d7558.jpeg', '深圳大学（Shenzhen University），简称“深大”，位于中国经济特区广东省深圳市，是经国家教育部批准设立，由广东省主管、深圳市人民政府主办的综合性大学，入选广东省高水平大学重点建设高校，为国家大学生文化素质教育基地、全国文明校园、全国首批深化创新创业教育改革示范高校、全国地方高校UOOC联盟发起单位，设有研究生院。具有推荐免试研究生资格。', '10590', '1', '经济学');

-- ----------------------------
-- Table structure for `school_type`
-- ----------------------------
DROP TABLE IF EXISTS `school_type`;
CREATE TABLE `school_type` (
  `school_type_id` int(10) unsigned NOT NULL AUTO_INCREMENT,
  `school_type_name` varchar(255) CHARACTER SET utf8 NOT NULL,
  PRIMARY KEY (`school_type_id`)
) ENGINE=InnoDB AUTO_INCREMENT=16 DEFAULT CHARSET=utf8 COLLATE=utf8_bin;

-- ----------------------------
-- Records of school_type
-- ----------------------------
INSERT INTO `school_type` VALUES ('1', '985');
INSERT INTO `school_type` VALUES ('2', '211');
INSERT INTO `school_type` VALUES ('3', '一本');
INSERT INTO `school_type` VALUES ('4', '二本');
INSERT INTO `school_type` VALUES ('5', '专科');
INSERT INTO `school_type` VALUES ('6', '双一流');
INSERT INTO `school_type` VALUES ('7', '综合');
INSERT INTO `school_type` VALUES ('8', '医药');
INSERT INTO `school_type` VALUES ('9', '政法');
INSERT INTO `school_type` VALUES ('10', '体育');
INSERT INTO `school_type` VALUES ('11', '艺术');
INSERT INTO `school_type` VALUES ('12', '民族');
INSERT INTO `school_type` VALUES ('13', '军事');
INSERT INTO `school_type` VALUES ('14', '师范');
INSERT INTO `school_type` VALUES ('15', '语言');

-- ----------------------------
-- Table structure for `shop`
-- ----------------------------
DROP TABLE IF EXISTS `shop`;
CREATE TABLE `shop` (
  `shop_id` int(11) NOT NULL AUTO_INCREMENT,
  `shop_name` varchar(255) DEFAULT NULL,
  `shop_link` varchar(255) DEFAULT NULL,
  `shop_settling_time` date DEFAULT NULL,
  `shop_notes` varchar(255) DEFAULT NULL,
  PRIMARY KEY (`shop_id`)
) ENGINE=InnoDB AUTO_INCREMENT=4 DEFAULT CHARSET=utf8;

-- ----------------------------
-- Records of shop
-- ----------------------------
INSERT INTO `shop` VALUES ('1', '点点动力图书专营店', 'https://dddlts.tmall.com/?spm=a220o.1000855.1997427721.d4918089.19591997WH7CCO', '2019-05-08', '已入驻，分期付款');
INSERT INTO `shop` VALUES ('2', '儒鸿图书专营店', 'https://ruhongts.tmall.com/?spm=a220o.1000855.1997427721.d4918089.57f241e31S4jtz', '2019-05-06', '已入驻');
INSERT INTO `shop` VALUES ('3', '清华大学出版社官方旗舰店', 'https://qhdx.tmall.com/?spm=a220o.1000855.1997427721.d4918089.375d78640jyyFS', '2019-05-02', '已入驻');

-- ----------------------------
-- Table structure for `student_type`
-- ----------------------------
DROP TABLE IF EXISTS `student_type`;
CREATE TABLE `student_type` (
  `student__type_id` int(10) unsigned NOT NULL AUTO_INCREMENT,
  `student_type_name` varchar(255) CHARACTER SET utf8 NOT NULL,
  PRIMARY KEY (`student__type_id`)
) ENGINE=InnoDB AUTO_INCREMENT=4 DEFAULT CHARSET=utf8 COLLATE=utf8_bin;

-- ----------------------------
-- Records of student_type
-- ----------------------------
INSERT INTO `student_type` VALUES ('1', '普通生');
INSERT INTO `student_type` VALUES ('2', '艺术生');
INSERT INTO `student_type` VALUES ('3', '体育生');

-- ----------------------------
-- Table structure for `subject`
-- ----------------------------
DROP TABLE IF EXISTS `subject`;
CREATE TABLE `subject` (
  `subject_id` int(10) unsigned NOT NULL AUTO_INCREMENT,
  `subject_name` varchar(255) CHARACTER SET utf8 NOT NULL,
  PRIMARY KEY (`subject_id`)
) ENGINE=InnoDB AUTO_INCREMENT=13 DEFAULT CHARSET=utf8 COLLATE=utf8_bin;

-- ----------------------------
-- Records of subject
-- ----------------------------
INSERT INTO `subject` VALUES ('1', '语文');
INSERT INTO `subject` VALUES ('2', '数学');
INSERT INTO `subject` VALUES ('3', '英语');
INSERT INTO `subject` VALUES ('4', '历史');
INSERT INTO `subject` VALUES ('5', '地理');
INSERT INTO `subject` VALUES ('6', '政治');
INSERT INTO `subject` VALUES ('7', '物理');
INSERT INTO `subject` VALUES ('8', '化学');
INSERT INTO `subject` VALUES ('9', '生物');
INSERT INTO `subject` VALUES ('10', '艺术');
INSERT INTO `subject` VALUES ('11', '体育');
INSERT INTO `subject` VALUES ('12', '职级');

-- ----------------------------
-- Table structure for `subject_majortype`
-- ----------------------------
DROP TABLE IF EXISTS `subject_majortype`;
CREATE TABLE `subject_majortype` (
  `subject_id` int(10) unsigned NOT NULL,
  `major_type_id` int(10) unsigned NOT NULL,
  PRIMARY KEY (`subject_id`,`major_type_id`),
  KEY `subject_type2` (`major_type_id`)
) ENGINE=InnoDB DEFAULT CHARSET=utf8 COLLATE=utf8_bin;

-- ----------------------------
-- Records of subject_majortype
-- ----------------------------
INSERT INTO `subject_majortype` VALUES ('1', '1');
INSERT INTO `subject_majortype` VALUES ('2', '1');
INSERT INTO `subject_majortype` VALUES ('3', '1');
INSERT INTO `subject_majortype` VALUES ('4', '1');
INSERT INTO `subject_majortype` VALUES ('1', '2');
INSERT INTO `subject_majortype` VALUES ('2', '2');
INSERT INTO `subject_majortype` VALUES ('3', '2');
INSERT INTO `subject_majortype` VALUES ('2', '3');
INSERT INTO `subject_majortype` VALUES ('6', '3');
INSERT INTO `subject_majortype` VALUES ('1', '4');
INSERT INTO `subject_majortype` VALUES ('2', '4');
INSERT INTO `subject_majortype` VALUES ('4', '4');
INSERT INTO `subject_majortype` VALUES ('3', '5');
INSERT INTO `subject_majortype` VALUES ('4', '5');
INSERT INTO `subject_majortype` VALUES ('4', '6');
INSERT INTO `subject_majortype` VALUES ('5', '6');
INSERT INTO `subject_majortype` VALUES ('5', '7');
INSERT INTO `subject_majortype` VALUES ('7', '7');
INSERT INTO `subject_majortype` VALUES ('8', '7');
INSERT INTO `subject_majortype` VALUES ('12', '7');
INSERT INTO `subject_majortype` VALUES ('5', '8');
INSERT INTO `subject_majortype` VALUES ('7', '8');
INSERT INTO `subject_majortype` VALUES ('8', '8');
INSERT INTO `subject_majortype` VALUES ('12', '8');
INSERT INTO `subject_majortype` VALUES ('8', '9');
INSERT INTO `subject_majortype` VALUES ('9', '9');
INSERT INTO `subject_majortype` VALUES ('12', '9');
INSERT INTO `subject_majortype` VALUES ('8', '10');
INSERT INTO `subject_majortype` VALUES ('6', '11');
INSERT INTO `subject_majortype` VALUES ('9', '11');
INSERT INTO `subject_majortype` VALUES ('6', '12');
INSERT INTO `subject_majortype` VALUES ('10', '13');
INSERT INTO `subject_majortype` VALUES ('11', '13');

-- ----------------------------
-- Table structure for `time`
-- ----------------------------
DROP TABLE IF EXISTS `time`;
CREATE TABLE `time` (
  `time_id` int(10) unsigned NOT NULL AUTO_INCREMENT,
  `time_name` varchar(255) CHARACTER SET utf8 NOT NULL,
  PRIMARY KEY (`time_id`)
) ENGINE=InnoDB AUTO_INCREMENT=4 DEFAULT CHARSET=utf8 COLLATE=utf8_bin;

-- ----------------------------
-- Records of time
-- ----------------------------
INSERT INTO `time` VALUES ('1', '2018');
INSERT INTO `time` VALUES ('2', '2017');
INSERT INTO `time` VALUES ('3', '2016');

-- ----------------------------
-- Table structure for `user`
-- ----------------------------
DROP TABLE IF EXISTS `user`;
CREATE TABLE `user` (
  `user_id` int(10) unsigned NOT NULL AUTO_INCREMENT,
  `user_name` varchar(20) CHARACTER SET utf8 NOT NULL,
  `user_password` varchar(20) CHARACTER SET utf8 NOT NULL,
  `user_email` varchar(20) CHARACTER SET utf8 DEFAULT NULL,
  `user_sex` varchar(5) CHARACTER SET utf8 NOT NULL,
  `user_tel` varchar(11) CHARACTER SET utf8 NOT NULL,
  `user_img` varchar(10240) CHARACTER SET utf8 DEFAULT NULL,
  `user_balance` double DEFAULT NULL,
  PRIMARY KEY (`user_id`)
) ENGINE=InnoDB AUTO_INCREMENT=6 DEFAULT CHARSET=utf8 COLLATE=utf8_bin;

-- ----------------------------
-- Records of user
-- ----------------------------
INSERT INTO `user` VALUES ('1', '杨颖', 'bts123', '123678563@qq.com', '女', '15226599298', '/9j/4AAQSkZJRgABAQAAAQABAAD/2wBDAFA3PEY8MlBGQUZaVVBfeMiCeG5uePWvuZHI////////////////////////////////////////////////////2wBDAVVaWnhpeOuCguv/////////////////////////////////////////////////////////////////////////wAARCACWAJYDASIAAhEBAxEB/8QAGQAAAwEBAQAAAAAAAAAAAAAAAAEDAgQF/8QAJhAAAgICAgICAwADAQAAAAAAAAECEQMhEjFBUQQiEzJhQnGRgf/EABYBAQEBAAAAAAAAAAAAAAAAAAABAv/EABYRAQEBAAAAAAAAAAAAAAAAAAARAf/aAAwDAQACEQMRAD8A4wAAADUYuXQOLi9oKyADIAAGAG4YpzVxVozFcml7O/HFYoK3oDgacXTVNCL/ACPtk5JNL2/JKgLw MnG5S2QnDhNxOmGaPD7WmQyS5zbAmBoQCHHsDUYSa5KLr2AONgaAggCAosbqzSKfHlGMny8j RKMmuJECKywGxAAwABq7VdnQszc4qb qIRWzdbcqdJgdWaUfxNNpt9HNDHKb qMFsbcVaCiMYfjlyvn0jEMbyS4ossbav mYyeKd0BnJ8eUGvNinglCPLTKy QpSSapBLIk0o3KXoIjCSjjknG2 jo/NjWNbppdEc/JtSca0QA3YGUwIMRVyo6uLUUcydOzbyycaNI1kx6TRRxio76JPM6qgnl5RqgLPFGUdHPOPGVBGco9MUm5O2RSGBTFilk60gKfHlGMXy7v0bzTj LjCu90RUJQk4vsJQlCP2VWwMpFY9pDwY7 0ugnxjN8VoK64riqOfOkpaNYsn1oWVJpvyEc/kr8dNqUqFkxqONtN2Zx5Z441HdvoKrlf0fLo58uJ46tp2dM8sJ42nV jmjFybT8AToCnDdAERHRkfJlDY Jmx8mENqhBybNY3Hmuf6kUi2DN PTWiU6Unx/XwdXx8cHjtpOwJyyOeRSr/Q8 bnUUqoo2sceFdvRzS3kaXsKriUpY2k1xb2bclibglaa2ThNwTjHYrc8n23dAdM2nx49USnL/GMXfRqVY9xVIxOUYTUo92QSk5frK/9MrjyOGLULa8iWRPLyyRu/BVxSiuOovsozihL83KUdSKcIx6RPPmpqMf ix5m3Uu2gE1sBt7AI4gACoANRjydBKPF0AgQUUx4nPrS9kV0/jjLFUUr8GMNwlKLbX8K44rHGrs01btdkUS4yStXRPhBvUe 9lbVcWajxrVARhHhdI0oLnz8srX/AFg9Q/8ACpU5q409ijFR33ex8nfWyi8EVCXFupLwO09VorJqOhJpy2BlKKjqKM8IJforKPijNJvQEIJyvT7A6OVdAUebQGuLDiwh43UthN3IXFg0wCki CVXRBFcb/gHUpJ ArfZnGuUjeVUiKOP9FTsnY037A3x23q2Dv2Zt wt wGk07s3UmuyVv2PlL2wNtPzsyo69Gbfs2otoBqNL9v haXkxJUZAo5R9gSsAIAUdDUU12WkTAbVOhFQUjeNLZgtDHLg34IKY1UrRWe4nPtDU37IE0FD5ML/AIFKmA7HYCYh2ABHs6F0c6dG/wArCaMr 2kTocpNsVNhSpAFABzpM0nQAWFAAAKZ04uX4nfXg51jk/DOjFyjGpdBGR0Ot6K8VRBGgoHphYUUFf0AAKCgAAoKQjcFyAzX8ApKDonVdgZA1FJgBFYZvxRtYPbNRn6Nqa8lSMrDFeLNqCXSGmn5NAKhSWjdmZdAS6Ze9EWbUrVMgxK7FsbQIKErKLGjMeyqCam4JGHrwWl0SdgxkrjJodsKrJqiHkb35FRUbxqwCGgIqVcXoaAAugam0ABGozvVFKACoy0ZACKHoAAAHbAAH35EAAKgoAAKQ0AAZnPhWrsAAD//2Q==', '50.32');
INSERT INTO `user` VALUES ('2', '容齐', '123', '123678563@qq.com', '男', '15226587677', '/9j/4AAQSkZJRgABAQAAAQABAAD/2wBDABALDA4MChAODQ4SERATGCgaGBYWGDEjJR0oOjM9PDkzODdASFxOQERXRTc4UG1RV19iZ2hnPk1xeXBkeFxlZ2P/2wBDARESEhgVGC8aGi9jQjhCY2NjY2NjY2NjY2NjY2NjY2NjY2NjY2NjY2NjY2NjY2NjY2NjY2NjY2NjY2NjY2NjY2P/wAARCACWAJYDASIAAhEBAxEB/8QAGgAAAwEBAQEAAAAAAAAAAAAAAAEDAgQGBf/EADEQAAICAQMDAgQGAQUBAAAAAAABAhESAyExE0FRYXEEBRWRIiNCUoGhsTJi0eHwwf/EABgBAQEBAQEAAAAAAAAAAAAAAAABAgQD/8QAGxEBAAMBAQEBAAAAAAAAAAAAAAEREgITA0H/2gAMAwEAAhEDEQA/APNtp12BXXowrb3Gr3rZHWHScXzf9DVqpNbeorvnf3C9tijUab/4HGslkrQlsaxdpPa/JQR 5VK47OnxuyXfY1tf8eCwjd0vxU/5BOmYkm xpXxfHkotF/h25FqK0ku4QfZIuopJPmiiK03VN1XY58ZPWtrJRPpJR/S9/JjpYybV7/2Slc7WVKS3XnuQ1NJRVqUXd8M7NR4RucbfPBzShk21FJL7oSlOeTSapVXfubjK1iolpaSUFVb7Nd/cgsk2t1vwZlQ0lKpL AKOKk7X2AiucKsdXv8AcauN9nwRSGl3EvXg1355KgXI14Eh1W9FD3v jap9uFvuYS3GrCHJ7Gobvzexh78lILx4KL6KylGNpW6tvYpJPTbuUXTatcM520o3dWV0MZy23kvJbG4OTjSXPfg64xqCU20 yJp0vy95L9RTTpyanF35A5PjHktv5s5Yy/0t2vVH0/iNG1 FLdGJfDRjpvvt22I1Tm14aawcNbqSkrlUaS9Djlpu/bwX1U4TqO1be5hyTQJliEnFb7dgFP3AyzbCi7ruKimIUu5GmEu469TSQ8QtMjrevBqgqypRPm/sHY1VjSCDp0k7TtXS5RqMG3SW/oOMJSkopNt7JJXZeKjovepz8cxX/P8Aj3LYmtFKOWo8Y9vL/wDeSi4qsY K/wAif4lcnfawUVwEX0ZRT2W98tl ZKuTmhs1/VHRDeSrktjrhoZRT7eo4aThqU2pJ7V4N6UqglzsEknK5P8A6M21Dk L BT1bgsY8u/J8r4jSWbx2V8npbg1FTfJw/EfDwlrV mO6a4/9wIlZi3wpRa7fwB1/EQhKVxVNPcDTFObEWLLYix3PG3tSWI8SuIY2xZSWJpJ NimNe4Yuy2lMKH2Kaeg5pydKC5k Pb3L9GGgvz1c720 /8APj25MvVc28lFqqjGto yLaTDLnGMXHRTUWqbfMv vT/JhL h0ax29RaUO/8A9Gor QRteS2Ucajs90V07W9E0rKRb7C0p1Q1JY0alKXLOdSktls0UUtt37ktYhRfEx3Uqdd65M9adueP4Xs9zDxV0qsxu4U1uS24hy/EKLnfkDGqt5Wnd89gNWxTOIYlsAxOfTopHEeOxXAMBopKmW09VaME9KNavfUfMfbx7hjsgxGkpJrffkdFMAwLoymo9x4m1EeA0mWK38mkjWI1EumclSvZ u5pLcFGjaVJprnixpMnE2la9DMVwjaQ0lE09q2G4PHyUUfQto4qazWUe6JbUPny01Ld2gO6cIObfbtQDSuHEMC IsTm09qRxDEtiGI0UjiGBbEMS6KSxDEtiGI0UljsGBZRHiXSUjgGJbEMRopNQvsNRXgoojUS6SmFH0NxiaSZpIaSircdb2bSHQ0lMNNgbxAmlpPpg9M6 kHTOXT3px9MOmdfSDpk0U4 mHTOvpB0y6KcmDHgdXTDp g0U5cAwOrph0/QukpzYBgdPTH0xopzKD4HgdHTH0y6Kc6ixqJfp hrp g0lIKJpJlen6GsBpKQx9AOjDYBopbAOmWoKPFdIYB0y1BQXSPTDplqDEGkOmHTL4hQLQ6YdMvQUC0OmHTL0FIFoYD6ZagKlpdMMCoFLTwHgU2AIngBQCls9RC6iPNfW9X/AGfYz9a1v3RX8G/Ht5 vL0 aHmjy6 d6y5cX7oH871n3ivZE8Oz15eozQ80eb0fnsk/zUpLytmdT d/DY3lJvxRmfl3H41HfM/r7OaFmj4Or88jX5cHv3kQXzjWveafuix8e5SfpzD0uaF1Eecj841VzJP3Rr6zLxEvj2enL0HUQPVR576zLxEw/m2o/1L7CPj2enL0fVXkz1kebfzOb5m/uL6nP97NeHSevL0vWXkOsvJ5r6pqfvF9Wmv1Inj0evL03WXkXXXk8z9Xl  LNfV2uUh49L68vSddeQPLS azk/wDXXogL4dJ68vg5zq7Rla7e9AB2TDkHXbdu/ax5zq0 fLACQBSn6fc1nqdmvuAGqgCep5X3GpavFr7gAqAJ6v7l9xvU1e7QAKgsr1JcNA qtskADMFhrW/cvuSerOO7k9gAsxBbMteVr8Toy9d7 gAZoHUm 41Kfn wARATlPyAAKH/2Q==', '90.2');
INSERT INTO `user` VALUES ('3', '容乐', '123', '123678563@qq.com', '女', '1522659890', '/9j/4AAQSkZJRgABAQAAAQABAAD/2wBDAFA3PEY8MlBGQUZaVVBfeMiCeG5uePWvuZHI////////////////////////////////////////////////////2wBDAVVaWnhpeOuCguv/////////////////////////////////////////////////////////////////////////wAARCACWAJYDASIAAhEBAxEB/8QAGQAAAwEBAQAAAAAAAAAAAAAAAAEDAgQF/8QAJhAAAgICAgICAwADAQAAAAAAAAECEQMhEjFBUQQiEzJhQnGRgf/EABYBAQEBAAAAAAAAAAAAAAAAAAABAv/EABYRAQEBAAAAAAAAAAAAAAAAAAARAf/aAAwDAQACEQMRAD8A4wAAADUYuXQOLi9oKyADIAAGAG4YpzVxVozFcml7O/HFYoK3oDgacXTVNCL/ACPtk5JNL2/JKgLw MnG5S2QnDhNxOmGaPD7WmQyS5zbAmBoQCHHsDUYSa5KLr2AONgaAggCAosbqzSKfHlGMny8j RKMmuJECKywGxAAwABq7VdnQszc4qb qIRWzdbcqdJgdWaUfxNNpt9HNDHKb qMFsbcVaCiMYfjlyvn0jEMbyS4ossbav mYyeKd0BnJ8eUGvNinglCPLTKy QpSSapBLIk0o3KXoIjCSjjknG2 jo/NjWNbppdEc/JtSca0QA3YGUwIMRVyo6uLUUcydOzbyycaNI1kx6TRRxio76JPM6qgnl5RqgLPFGUdHPOPGVBGco9MUm5O2RSGBTFilk60gKfHlGMXy7v0bzTj LjCu90RUJQk4vsJQlCP2VWwMpFY9pDwY7 0ugnxjN8VoK64riqOfOkpaNYsn1oWVJpvyEc/kr8dNqUqFkxqONtN2Zx5Z441HdvoKrlf0fLo58uJ46tp2dM8sJ42nV jmjFybT8AToCnDdAERHRkfJlDY Jmx8mENqhBybNY3Hmuf6kUi2DN PTWiU6Unx/XwdXx8cHjtpOwJyyOeRSr/Q8 bnUUqoo2sceFdvRzS3kaXsKriUpY2k1xb2bclibglaa2ThNwTjHYrc8n23dAdM2nx49USnL/GMXfRqVY9xVIxOUYTUo92QSk5frK/9MrjyOGLULa8iWRPLyyRu/BVxSiuOovsozihL83KUdSKcIx6RPPmpqMf ix5m3Uu2gE1sBt7AI4gACoANRjydBKPF0AgQUUx4nPrS9kV0/jjLFUUr8GMNwlKLbX8K44rHGrs01btdkUS4yStXRPhBvUe 9lbVcWajxrVARhHhdI0oLnz8srX/AFg9Q/8ACpU5q409ijFR33ex8nfWyi8EVCXFupLwO09VorJqOhJpy2BlKKjqKM8IJforKPijNJvQEIJyvT7A6OVdAUebQGuLDiwh43UthN3IXFg0wCki CVXRBFcb/gHUpJ ArfZnGuUjeVUiKOP9FTsnY037A3x23q2Dv2Zt wt wGk07s3UmuyVv2PlL2wNtPzsyo69Gbfs2otoBqNL9v haXkxJUZAo5R9gSsAIAUdDUU12WkTAbVOhFQUjeNLZgtDHLg34IKY1UrRWe4nPtDU37IE0FD5ML/AIFKmA7HYCYh2ABHs6F0c6dG/wArCaMr 2kTocpNsVNhSpAFABzpM0nQAWFAAAKZ04uX4nfXg51jk/DOjFyjGpdBGR0Ot6K8VRBGgoHphYUUFf0AAKCgAAoKQjcFyAzX8ApKDonVdgZA1FJgBFYZvxRtYPbNRn6Nqa8lSMrDFeLNqCXSGmn5NAKhSWjdmZdAS6Ze9EWbUrVMgxK7FsbQIKErKLGjMeyqCam4JGHrwWl0SdgxkrjJodsKrJqiHkb35FRUbxqwCGgIqVcXoaAAugam0ABGozvVFKACoy0ZACKHoAAAHbAAH35EAAKgoAAKQ0AAZnPhWrsAAD//2Q==', '30.34');
INSERT INTO `user` VALUES ('4', '金瀚', '123', '123678563@qq.com', '男', '15226595679', '/9j/4AAQSkZJRgABAQAAAQABAAD/2wBDABALDA4MChAODQ4SERATGCgaGBYWGDEjJR0oOjM9PDkzODdASFxOQERXRTc4UG1RV19iZ2hnPk1xeXBkeFxlZ2P/2wBDARESEhgVGC8aGi9jQjhCY2NjY2NjY2NjY2NjY2NjY2NjY2NjY2NjY2NjY2NjY2NjY2NjY2NjY2NjY2NjY2NjY2P/wAARCACWAJYDASIAAhEBAxEB/8QAGgAAAwEBAQEAAAAAAAAAAAAAAAEDAgQGBf/EADEQAAICAQMDAgQGAQUBAAAAAAABAhESAyExE0FRYXEEBRWRIiNCUoGhsTJi0eHwwf/EABgBAQEBAQEAAAAAAAAAAAAAAAABAgQD/8QAGxEBAAMBAQEBAAAAAAAAAAAAAAEREgITA0H/2gAMAwEAAhEDEQA/APNtp12BXXowrb3Gr3rZHWHScXzf9DVqpNbeorvnf3C9tijUab/4HGslkrQlsaxdpPa/JQR 5VK47OnxuyXfY1tf8eCwjd0vxU/5BOmYkm xpXxfHkotF/h25FqK0ku4QfZIuopJPmiiK03VN1XY58ZPWtrJRPpJR/S9/JjpYybV7/2Slc7WVKS3XnuQ1NJRVqUXd8M7NR4RucbfPBzShk21FJL7oSlOeTSapVXfubjK1iolpaSUFVb7Nd/cgsk2t1vwZlQ0lKpL AKOKk7X2AiucKsdXv8AcauN9nwRSGl3EvXg1355KgXI14Eh1W9FD3v jap9uFvuYS3GrCHJ7Gobvzexh78lILx4KL6KylGNpW6tvYpJPTbuUXTatcM520o3dWV0MZy23kvJbG4OTjSXPfg64xqCU20 yJp0vy95L9RTTpyanF35A5PjHktv5s5Yy/0t2vVH0/iNG1 FLdGJfDRjpvvt22I1Tm14aawcNbqSkrlUaS9Djlpu/bwX1U4TqO1be5hyTQJliEnFb7dgFP3AyzbCi7ruKimIUu5GmEu469TSQ8QtMjrevBqgqypRPm/sHY1VjSCDp0k7TtXS5RqMG3SW/oOMJSkopNt7JJXZeKjovepz8cxX/P8Aj3LYmtFKOWo8Y9vL/wDeSi4qsY K/wAif4lcnfawUVwEX0ZRT2W98tl ZKuTmhs1/VHRDeSrktjrhoZRT7eo4aThqU2pJ7V4N6UqglzsEknK5P8A6M21Dk L BT1bgsY8u/J8r4jSWbx2V8npbg1FTfJw/EfDwlrV mO6a4/9wIlZi3wpRa7fwB1/EQhKVxVNPcDTFObEWLLYix3PG3tSWI8SuIY2xZSWJpJ NimNe4Yuy2lMKH2Kaeg5pydKC5k Pb3L9GGgvz1c720 /8APj25MvVc28lFqqjGto yLaTDLnGMXHRTUWqbfMv vT/JhL h0ax29RaUO/8A9Gor QRteS2Ucajs90V07W9E0rKRb7C0p1Q1JY0alKXLOdSktls0UUtt37ktYhRfEx3Uqdd65M9adueP4Xs9zDxV0qsxu4U1uS24hy/EKLnfkDGqt5Wnd89gNWxTOIYlsAxOfTopHEeOxXAMBopKmW09VaME9KNavfUfMfbx7hjsgxGkpJrffkdFMAwLoymo9x4m1EeA0mWK38mkjWI1EumclSvZ u5pLcFGjaVJprnixpMnE2la9DMVwjaQ0lE09q2G4PHyUUfQto4qazWUe6JbUPny01Ld2gO6cIObfbtQDSuHEMC IsTm09qRxDEtiGI0UjiGBbEMS6KSxDEtiGI0UljsGBZRHiXSUjgGJbEMRopNQvsNRXgoojUS6SmFH0NxiaSZpIaSircdb2bSHQ0lMNNgbxAmlpPpg9M6 kHTOXT3px9MOmdfSDpk0U4 mHTOvpB0y6KcmDHgdXTDp g0U5cAwOrph0/QukpzYBgdPTH0xopzKD4HgdHTH0y6Kc6ixqJfp hrp g0lIKJpJlen6GsBpKQx9AOjDYBopbAOmWoKPFdIYB0y1BQXSPTDplqDEGkOmHTL4hQLQ6YdMvQUC0OmHTL0FIFoYD6ZagKlpdMMCoFLTwHgU2AIngBQCls9RC6iPNfW9X/AGfYz9a1v3RX8G/Ht5 vL0 aHmjy6 d6y5cX7oH871n3ivZE8Oz15eozQ80eb0fnsk/zUpLytmdT d/DY3lJvxRmfl3H41HfM/r7OaFmj4Or88jX5cHv3kQXzjWveafuix8e5SfpzD0uaF1Eecj841VzJP3Rr6zLxEvj2enL0HUQPVR576zLxEw/m2o/1L7CPj2enL0fVXkz1kebfzOb5m/uL6nP97NeHSevL0vWXkOsvJ5r6pqfvF9Wmv1Inj0evL03WXkXXXk8z9Xl  LNfV2uUh49L68vSddeQPLS azk/wDXXogL4dJ68vg5zq7Rla7e9AB2TDkHXbdu/ax5zq0 fLACQBSn6fc1nqdmvuAGqgCep5X3GpavFr7gAqAJ6v7l9xvU1e7QAKgsr1JcNA qtskADMFhrW/cvuSerOO7k9gAsxBbMteVr8Toy9d7 gAZoHUm 41Kfn wARATlPyAAKH/2Q==', '80');
INSERT INTO `user` VALUES ('5', '超越', '123456', '1478852580@qq.com', '女', '15223456769', null, null);

-- ----------------------------
-- Table structure for `work`
-- ----------------------------
DROP TABLE IF EXISTS `work`;
CREATE TABLE `work` (
  `work_id` int(10) unsigned NOT NULL AUTO_INCREMENT,
  `work_name` varchar(255) CHARACTER SET utf8 NOT NULL,
  PRIMARY KEY (`work_id`)
) ENGINE=InnoDB AUTO_INCREMENT=9 DEFAULT CHARSET=utf8 COLLATE=utf8_bin;

-- ----------------------------
-- Records of work
-- ----------------------------
INSERT INTO `work` VALUES ('1', '互联网服务行业');
INSERT INTO `work` VALUES ('2', '金融行业');
INSERT INTO `work` VALUES ('3', '医疗服务业');
INSERT INTO `work` VALUES ('4', '物流快递行业');
INSERT INTO `work` VALUES ('5', '能源行业');
INSERT INTO `work` VALUES ('6', '文化娱乐行业');
INSERT INTO `work` VALUES ('7', '网络安全');
INSERT INTO `work` VALUES ('8', '旅游行业');

-- ----------------------------
-- Table structure for `work_school`
-- ----------------------------
DROP TABLE IF EXISTS `work_school`;
CREATE TABLE `work_school` (
  `work_id` int(10) unsigned NOT NULL,
  `school_id` int(10) unsigned NOT NULL,
  `salary` varchar(255) CHARACTER SET utf8 DEFAULT NULL,
  PRIMARY KEY (`work_id`,`school_id`),
  KEY `school_id` (`school_id`)
) ENGINE=InnoDB DEFAULT CHARSET=utf8 COLLATE=utf8_bin;

-- ----------------------------
-- Records of work_school
-- ----------------------------
INSERT INTO `work_school` VALUES ('1', '1', '96.89');
INSERT INTO `work_school` VALUES ('1', '2', '95.44');
INSERT INTO `work_school` VALUES ('1', '10', '86.43');
INSERT INTO `work_school` VALUES ('1', '18', '95.04');
INSERT INTO `work_school` VALUES ('1', '21', '95');
INSERT INTO `work_school` VALUES ('2', '1', '96.94');
INSERT INTO `work_school` VALUES ('2', '2', '97.56');
INSERT INTO `work_school` VALUES ('2', '16', '98.56');
INSERT INTO `work_school` VALUES ('2', '36', '96.42');
INSERT INTO `work_school` VALUES ('3', '1', '92.78');
INSERT INTO `work_school` VALUES ('3', '6', '82.43');
INSERT INTO `work_school` VALUES ('3', '7', '93.57');
INSERT INTO `work_school` VALUES ('3', '15', '93.23');
INSERT INTO `work_school` VALUES ('3', '17', '98.70');
INSERT INTO `work_school` VALUES ('3', '20', '88.34');
INSERT INTO `work_school` VALUES ('4', '2', '90.87');
INSERT INTO `work_school` VALUES ('4', '4', '47.54');
INSERT INTO `work_school` VALUES ('4', '16', '99.10');
INSERT INTO `work_school` VALUES ('4', '17', '98.90');
INSERT INTO `work_school` VALUES ('4', '36', '87.32');
INSERT INTO `work_school` VALUES ('5', '10', '88.76');
INSERT INTO `work_school` VALUES ('5', '11', '52.62');
INSERT INTO `work_school` VALUES ('5', '16', '98.45');
INSERT INTO `work_school` VALUES ('5', '17', '99.01');
INSERT INTO `work_school` VALUES ('5', '31', '89.54');
INSERT INTO `work_school` VALUES ('6', '9', '47.87');
INSERT INTO `work_school` VALUES ('6', '11', '51.34');
INSERT INTO `work_school` VALUES ('6', '12', '88.98');
INSERT INTO `work_school` VALUES ('6', '17', '98.67');
INSERT INTO `work_school` VALUES ('6', '18', '96.01');
INSERT INTO `work_school` VALUES ('7', '1', '96.54');
INSERT INTO `work_school` VALUES ('7', '2', '93.54');
INSERT INTO `work_school` VALUES ('7', '10', '90.54');
INSERT INTO `work_school` VALUES ('7', '22', '68.43');
INSERT INTO `work_school` VALUES ('7', '23', '43.65');
INSERT INTO `work_school` VALUES ('7', '26', '34,98');
INSERT INTO `work_school` VALUES ('8', '2', '91.54');
INSERT INTO `work_school` VALUES ('8', '5', '56.76');
INSERT INTO `work_school` VALUES ('8', '8', '96.54');
INSERT INTO `work_school` VALUES ('8', '9', '76.48');
INSERT INTO `work_school` VALUES ('8', '10', '55.76');
INSERT INTO `work_school` VALUES ('8', '13', '84.87');

-- ----------------------------
-- Table structure for `writer`
-- ----------------------------
DROP TABLE IF EXISTS `writer`;
CREATE TABLE `writer` (
  `writer_id` int(10) unsigned NOT NULL AUTO_INCREMENT,
  `writer_name` varchar(20) CHARACTER SET utf8 NOT NULL,
  `writer_img` varchar(100) CHARACTER SET utf8 DEFAULT NULL,
  PRIMARY KEY (`writer_id`)
) ENGINE=InnoDB AUTO_INCREMENT=10 DEFAULT CHARSET=utf8 COLLATE=utf8_bin;

-- ----------------------------
-- Records of writer
-- ----------------------------
INSERT INTO `writer` VALUES ('1', '欧辰', 'http://img1.imgtn.bdimg.com/it/u=415529631,3012801483&fm=214&gp=0.jpg');
INSERT INTO `writer` VALUES ('2', '洛溪', 'https://b-ssl.duitang.com/uploads/item/201806/05/20180605154742_CLXtP.jpeg');
INSERT INTO `writer` VALUES ('3', '于浩', 'https://b-ssl.duitang.com/uploads/item/201806/05/20180605154744_aSh2Q.jpeg');
INSERT INTO `writer` VALUES ('4', '叶天瑜', 'https://b-ssl.duitang.com/uploads/item/201508/04/20150804162802_NcXfP.png');
INSERT INTO `writer` VALUES ('5', '徐有容', 'http://img2.imgtn.bdimg.com/it/u=2403545270,3864763648&fm=15&gp=0.jpg');
INSERT INTO `writer` VALUES ('6', '路飞', 'http://img3.imgtn.bdimg.com/it/u=2229346952,2661940409&fm=26&gp=0.jpg');
INSERT INTO `writer` VALUES ('7', '沈珍珠', 'http://img1.imgtn.bdimg.com/it/u=1121600173,2438320200&fm=15&gp=0.jpg');
INSERT INTO `writer` VALUES ('8', '安迪', 'http://img0.imgtn.bdimg.com/it/u=2565350604,541351386&fm=15&gp=0.jpg');
INSERT INTO `writer` VALUES ('9', '紫萱', 'http://img0.imgtn.bdimg.com/it/u=364356807,675598281&fm=15&gp=0.jpg');
